This is pdfTeX, Version 3.1415926-2.3-1.40.12 (MiKTeX 2.9) (preloaded format=pdflatex 2024.7.2)  5 FEB 2025 20:21
entering extended mode
**Introduction.tex
("C:\Users\Chony\Desktop\Tesis\new docc\document\MainMatter\Introduction.tex"
LaTeX2e <2011/06/27>
Babel <v3.8m> and hyphenation patterns for english, afrikaans, ancientgreek, ar
abic, armenian, assamese, basque, bengali, bokmal, bulgarian, catalan, coptic, 
croatian, czech, danish, dutch, esperanto, estonian, farsi, finnish, french, ga
lician, german, german-x-2009-06-19, greek, gujarati, hindi, hungarian, iceland
ic, indonesian, interlingua, irish, italian, kannada, kurmanji, lao, latin, lat
vian, lithuanian, malayalam, marathi, mongolian, mongolianlmc, monogreek, ngerm
an, ngerman-x-2009-06-19, nynorsk, oriya, panjabi, pinyin, polish, portuguese, 
romanian, russian, sanskrit, serbian, slovak, slovenian, spanish, swedish, swis
sgerman, tamil, telugu, turkish, turkmen, ukenglish, ukrainian, uppersorbian, u
senglishmax, welsh, loaded.
! Undefined control sequence.
l.1 \chapter
            *{Introducci√≥n}\label{chapter:introduction}
The control sequence at the end of the top line
of your error message was never \def'ed. If you have
misspelled it (e.g., `\hobx'), type `I' and the correct
spelling (e.g., `I\hbox'). Otherwise just continue,
and I'll forget about whatever was undefined.


! LaTeX Error: Missing \begin{document}.

See the LaTeX manual or LaTeX Companion for explanation.
Type  H <return>  for immediate help.
 ...                                              
                                                  
l.1 \chapter*
             {Introducci√≥n}\label{chapter:introduction}
You're in trouble here.  Try typing  <return>  to proceed.
If that doesn't work, type  X <return>  to quit.

Missing character: There is no * in font nullfont!
Missing character: There is no I in font nullfont!
Missing character: There is no n in font nullfont!
Missing character: There is no t in font nullfont!
Missing character: There is no r in font nullfont!
Missing character: There is no o in font nullfont!
Missing character: There is no d in font nullfont!
Missing character: There is no u in font nullfont!
Missing character: There is no c in font nullfont!
Missing character: There is no c in font nullfont!
Missing character: There is no i in font nullfont!
Missing character: There is no √ in font nullfont!
Missing character: There is no ≥ in font nullfont!
Missing character: There is no n in font nullfont!

Overfull \hbox (20.0pt too wide) in paragraph at lines 1--3
[][]
 []


! LaTeX Error: Missing \begin{document}.

See the LaTeX manual or LaTeX Companion for explanation.
Type  H <return>  for immediate help.
 ...                                              
                                                  
l.4 E
     l an√°lisis de similitud de c√≥digo en Ciencias de la Computaci√≥n se c...

You're in trouble here.  Try typing  <return>  to proceed.
If that doesn't work, type  X <return>  to quit.

Missing character: There is no E in font nullfont!
Missing character: There is no l in font nullfont!
Missing character: There is no a in font nullfont!
Missing character: There is no n in font nullfont!
Missing character: There is no √ in font nullfont!
Missing character: There is no ° in font nullfont!
Missing character: There is no l in font nullfont!
Missing character: There is no i in font nullfont!
Missing character: There is no s in font nullfont!
Missing character: There is no i in font nullfont!
Missing character: There is no s in font nullfont!
Missing character: There is no d in font nullfont!
Missing character: There is no e in font nullfont!
Missing character: There is no s in font nullfont!
Missing character: There is no i in font nullfont!
Missing character: There is no m in font nullfont!
Missing character: There is no i in font nullfont!
Missing character: There is no l in font nullfont!
Missing character: There is no i in font nullfont!
Missing character: There is no t in font nullfont!
Missing character: There is no u in font nullfont!
Missing character: There is no d in font nullfont!
Missing character: There is no d in font nullfont!
Missing character: There is no e in font nullfont!
Missing character: There is no c in font nullfont!
Missing character: There is no √ in font nullfont!
Missing character: There is no ≥ in font nullfont!
Missing character: There is no d in font nullfont!
Missing character: There is no i in font nullfont!
Missing character: There is no g in font nullfont!
Missing character: There is no o in font nullfont!
Missing character: There is no e in font nullfont!
Missing character: There is no n in font nullfont!
Missing character: There is no C in font nullfont!
Missing character: There is no i in font nullfont!
Missing character: There is no e in font nullfont!
Missing character: There is no n in font nullfont!
Missing character: There is no c in font nullfont!
Missing character: There is no i in font nullfont!
Missing character: There is no a in font nullfont!
Missing character: There is no s in font nullfont!
Missing character: There is no d in font nullfont!
Missing character: There is no e in font nullfont!
Missing character: There is no l in font nullfont!
Missing character: There is no a in font nullfont!
Missing character: There is no C in font nullfont!
Missing character: There is no o in font nullfont!
Missing character: There is no m in font nullfont!
Missing character: There is no p in font nullfont!
Missing character: There is no u in font nullfont!
Missing character: There is no t in font nullfont!
Missing character: There is no a in font nullfont!
Missing character: There is no c in font nullfont!
Missing character: There is no i in font nullfont!
Missing character: There is no √ in font nullfont!
Missing character: There is no ≥ in font nullfont!
Missing character: There is no n in font nullfont!
Missing character: There is no s in font nullfont!
Missing character: There is no e in font nullfont!
Missing character: There is no c in font nullfont!
Missing character: There is no e in font nullfont!
Missing character: There is no n in font nullfont!
Missing character: There is no t in font nullfont!
Missing character: There is no r in font nullfont!
Missing character: There is no a in font nullfont!
Missing character: There is no e in font nullfont!
Missing character: There is no n in font nullfont!
Missing character: There is no l in font nullfont!
Missing character: There is no a in font nullfont!
Missing character: There is no c in font nullfont!
Missing character: There is no o in font nullfont!
Missing character: There is no m in font nullfont!
Missing character: There is no p in font nullfont!
Missing character: There is no a in font nullfont!
Missing character: There is no r in font nullfont!
Missing character: There is no a in font nullfont!
Missing character: There is no c in font nullfont!
Missing character: There is no i in font nullfont!
Missing character: There is no √ in font nullfont!
Missing character: There is no ≥ in font nullfont!
Missing character: There is no n in font nullfont!
Missing character: There is no d in font nullfont!
Missing character: There is no e in font nullfont!
Missing character: There is no f in font nullfont!
Missing character: There is no r in font nullfont!
Missing character: There is no a in font nullfont!
Missing character: There is no g in font nullfont!
Missing character: There is no m in font nullfont!
Missing character: There is no e in font nullfont!
Missing character: There is no n in font nullfont!
Missing character: There is no t in font nullfont!
Missing character: There is no o in font nullfont!
Missing character: There is no s in font nullfont!
Missing character: There is no d in font nullfont!
Missing character: There is no e in font nullfont!
Missing character: There is no e in font nullfont!
Missing character: There is no s in font nullfont!
Missing character: There is no t in font nullfont!
Missing character: There is no e in font nullfont!
Missing character: There is no p in font nullfont!
Missing character: There is no a in font nullfont!
Missing character: There is no r in font nullfont!
Missing character: There is no a in font nullfont!
Missing character: There is no i in font nullfont!
Missing character: There is no d in font nullfont!
Missing character: There is no e in font nullfont!
Missing character: There is no n in font nullfont!
Missing character: There is no t in font nullfont!
Missing character: There is no i in font nullfont!
Missing character: There is no f in font nullfont!
Missing character: There is no i in font nullfont!
Missing character: There is no c in font nullfont!
Missing character: There is no a in font nullfont!
Missing character: There is no r in font nullfont!
Missing character: There is no s in font nullfont!
Missing character: There is no i in font nullfont!
Missing character: There is no m in font nullfont!
Missing character: There is no i in font nullfont!
Missing character: There is no l in font nullfont!
Missing character: There is no i in font nullfont!
Missing character: There is no t in font nullfont!
Missing character: There is no u in font nullfont!
Missing character: There is no d in font nullfont!
Missing character: There is no e in font nullfont!
Missing character: There is no s in font nullfont!
Missing character: There is no y in font nullfont!
Missing character: There is no d in font nullfont!
Missing character: There is no i in font nullfont!
Missing character: There is no f in font nullfont!
Missing character: There is no e in font nullfont!
Missing character: There is no r in font nullfont!
Missing character: There is no e in font nullfont!
Missing character: There is no n in font nullfont!
Missing character: There is no c in font nullfont!
Missing character: There is no i in font nullfont!
Missing character: There is no a in font nullfont!
Missing character: There is no s in font nullfont!
Missing character: There is no e in font nullfont!
Missing character: There is no n in font nullfont!
Missing character: There is no t in font nullfont!
Missing character: There is no r in font nullfont!
Missing character: There is no e in font nullfont!
Missing character: There is no e in font nullfont!
Missing character: There is no l in font nullfont!
Missing character: There is no l in font nullfont!
Missing character: There is no o in font nullfont!
Missing character: There is no s in font nullfont!
Missing character: There is no . in font nullfont!
Missing character: There is no E in font nullfont!
Missing character: There is no s in font nullfont!
Missing character: There is no t in font nullfont!
Missing character: There is no e in font nullfont!
Missing character: There is no e in font nullfont!
Missing character: There is no n in font nullfont!
Missing character: There is no f in font nullfont!
Missing character: There is no o in font nullfont!
Missing character: There is no q in font nullfont!
Missing character: There is no u in font nullfont!
Missing character: There is no e in font nullfont!
Missing character: There is no s in font nullfont!
Missing character: There is no e in font nullfont!
Missing character: There is no u in font nullfont!
Missing character: There is no t in font nullfont!
Missing character: There is no i in font nullfont!
Missing character: There is no l in font nullfont!
Missing character: There is no i in font nullfont!
Missing character: There is no z in font nullfont!
Missing character: There is no a in font nullfont!
Missing character: There is no e in font nullfont!
Missing character: There is no n in font nullfont!
Missing character: There is no l in font nullfont!
Missing character: There is no a in font nullfont!
Missing character: There is no d in font nullfont!
Missing character: There is no e in font nullfont!
Missing character: There is no t in font nullfont!
Missing character: There is no e in font nullfont!
Missing character: There is no c in font nullfont!
Missing character: There is no c in font nullfont!
Missing character: There is no i in font nullfont!
Missing character: There is no √ in font nullfont!
Missing character: There is no ≥ in font nullfont!
Missing character: There is no n in font nullfont!
Missing character: There is no d in font nullfont!
Missing character: There is no e in font nullfont!
Missing character: There is no p in font nullfont!
Missing character: There is no l in font nullfont!
Missing character: There is no a in font nullfont!
Missing character: There is no g in font nullfont!
Missing character: There is no i in font nullfont!
Missing character: There is no o in font nullfont!
Missing character: There is no s in font nullfont!
Missing character: There is no y in font nullfont!
Missing character: There is no e in font nullfont!
Missing character: There is no n in font nullfont!
Missing character: There is no l in font nullfont!
Missing character: There is no a in font nullfont!
Missing character: There is no r in font nullfont!
Missing character: There is no e in font nullfont!
Missing character: There is no v in font nullfont!
Missing character: There is no i in font nullfont!
Missing character: There is no s in font nullfont!
Missing character: There is no i in font nullfont!
Missing character: There is no √ in font nullfont!
Missing character: There is no ≥ in font nullfont!
Missing character: There is no n in font nullfont!
Missing character: There is no d in font nullfont!
Missing character: There is no e in font nullfont!
Missing character: There is no c in font nullfont!
Missing character: There is no √ in font nullfont!
Missing character: There is no ≥ in font nullfont!
Missing character: There is no d in font nullfont!
Missing character: There is no i in font nullfont!
Missing character: There is no g in font nullfont!
Missing character: There is no o in font nullfont!
Missing character: There is no , in font nullfont!
Missing character: There is no e in font nullfont!
Missing character: There is no n in font nullfont!
Missing character: There is no s in font nullfont!
Missing character: There is no e in font nullfont!
Missing character: There is no n in font nullfont!
Missing character: There is no t in font nullfont!
Missing character: There is no i in font nullfont!
Missing character: There is no d in font nullfont!
Missing character: There is no o in font nullfont!
Missing character: There is no g in font nullfont!
Missing character: There is no e in font nullfont!
Missing character: There is no n in font nullfont!
Missing character: There is no e in font nullfont!
Missing character: There is no r in font nullfont!
Missing character: There is no a in font nullfont!
Missing character: There is no l in font nullfont!
Missing character: There is no . in font nullfont!

Overfull \hbox (20.0pt too wide) in paragraph at lines 4--5
[]
 []


! LaTeX Error: Missing \begin{document}.

See the LaTeX manual or LaTeX Companion for explanation.
Type  H <return>  for immediate help.
 ...                                              
                                                  
l.6 E
     sta investigaci√≥n surge de la necesidad de dotar a las instituciones e...

You're in trouble here.  Try typing  <return>  to proceed.
If that doesn't work, type  X <return>  to quit.

Missing character: There is no E in font nullfont!
Missing character: There is no s in font nullfont!
Missing character: There is no t in font nullfont!
Missing character: There is no a in font nullfont!
Missing character: There is no i in font nullfont!
Missing character: There is no n in font nullfont!
Missing character: There is no v in font nullfont!
Missing character: There is no e in font nullfont!
Missing character: There is no s in font nullfont!
Missing character: There is no t in font nullfont!
Missing character: There is no i in font nullfont!
Missing character: There is no g in font nullfont!
Missing character: There is no a in font nullfont!
Missing character: There is no c in font nullfont!
Missing character: There is no i in font nullfont!
Missing character: There is no √ in font nullfont!
Missing character: There is no ≥ in font nullfont!
Missing character: There is no n in font nullfont!
Missing character: There is no s in font nullfont!
Missing character: There is no u in font nullfont!
Missing character: There is no r in font nullfont!
Missing character: There is no g in font nullfont!
Missing character: There is no e in font nullfont!
Missing character: There is no d in font nullfont!
Missing character: There is no e in font nullfont!
Missing character: There is no l in font nullfont!
Missing character: There is no a in font nullfont!
Missing character: There is no n in font nullfont!
Missing character: There is no e in font nullfont!
Missing character: There is no c in font nullfont!
Missing character: There is no e in font nullfont!
Missing character: There is no s in font nullfont!
Missing character: There is no i in font nullfont!
Missing character: There is no d in font nullfont!
Missing character: There is no a in font nullfont!
Missing character: There is no d in font nullfont!
Missing character: There is no d in font nullfont!
Missing character: There is no e in font nullfont!
Missing character: There is no d in font nullfont!
Missing character: There is no o in font nullfont!
Missing character: There is no t in font nullfont!
Missing character: There is no a in font nullfont!
Missing character: There is no r in font nullfont!
Missing character: There is no a in font nullfont!
Missing character: There is no l in font nullfont!
Missing character: There is no a in font nullfont!
Missing character: There is no s in font nullfont!
Missing character: There is no i in font nullfont!
Missing character: There is no n in font nullfont!
Missing character: There is no s in font nullfont!
Missing character: There is no t in font nullfont!
Missing character: There is no i in font nullfont!
Missing character: There is no t in font nullfont!
Missing character: There is no u in font nullfont!
Missing character: There is no c in font nullfont!
Missing character: There is no i in font nullfont!
Missing character: There is no o in font nullfont!
Missing character: There is no n in font nullfont!
Missing character: There is no e in font nullfont!
Missing character: There is no s in font nullfont!
Missing character: There is no e in font nullfont!
Missing character: There is no d in font nullfont!
Missing character: There is no u in font nullfont!
Missing character: There is no c in font nullfont!
Missing character: There is no a in font nullfont!
Missing character: There is no t in font nullfont!
Missing character: There is no i in font nullfont!
Missing character: There is no v in font nullfont!
Missing character: There is no a in font nullfont!
Missing character: There is no s in font nullfont!
Missing character: There is no d in font nullfont!
Missing character: There is no e in font nullfont!
Missing character: There is no h in font nullfont!
Missing character: There is no e in font nullfont!
Missing character: There is no r in font nullfont!
Missing character: There is no r in font nullfont!
Missing character: There is no a in font nullfont!
Missing character: There is no m in font nullfont!
Missing character: There is no i in font nullfont!
Missing character: There is no e in font nullfont!
Missing character: There is no n in font nullfont!
Missing character: There is no t in font nullfont!
Missing character: There is no a in font nullfont!
Missing character: There is no s in font nullfont!
Missing character: There is no q in font nullfont!
Missing character: There is no u in font nullfont!
Missing character: There is no e in font nullfont!
Missing character: There is no p in font nullfont!
Missing character: There is no u in font nullfont!
Missing character: There is no e in font nullfont!
Missing character: There is no d in font nullfont!
Missing character: There is no a in font nullfont!
Missing character: There is no n in font nullfont!
Missing character: There is no a in font nullfont!
Missing character: There is no n in font nullfont!
Missing character: There is no a in font nullfont!
Missing character: There is no l in font nullfont!
Missing character: There is no i in font nullfont!
Missing character: There is no z in font nullfont!
Missing character: There is no a in font nullfont!
Missing character: There is no r in font nullfont!
Missing character: There is no c in font nullfont!
Missing character: There is no √ in font nullfont!
Missing character: There is no ≥ in font nullfont!
Missing character: There is no d in font nullfont!
Missing character: There is no i in font nullfont!
Missing character: There is no g in font nullfont!
Missing character: There is no o in font nullfont!
Missing character: There is no c in font nullfont!
Missing character: There is no o in font nullfont!
Missing character: There is no n in font nullfont!
Missing character: There is no p in font nullfont!
Missing character: There is no r in font nullfont!
Missing character: There is no e in font nullfont!
Missing character: There is no c in font nullfont!
Missing character: There is no i in font nullfont!
Missing character: There is no s in font nullfont!
Missing character: There is no i in font nullfont!
Missing character: There is no √ in font nullfont!
Missing character: There is no ≥ in font nullfont!
Missing character: There is no n in font nullfont!
Missing character: There is no . in font nullfont!
Missing character: There is no A in font nullfont!
Missing character: There is no l in font nullfont!
Missing character: There is no c in font nullfont!
Missing character: There is no o in font nullfont!
Missing character: There is no m in font nullfont!
Missing character: There is no b in font nullfont!
Missing character: There is no i in font nullfont!
Missing character: There is no n in font nullfont!
Missing character: There is no a in font nullfont!
Missing character: There is no r in font nullfont!
Missing character: There is no t in font nullfont!
Missing character: There is no √ in font nullfont!
Missing character: There is no © in font nullfont!
Missing character: There is no c in font nullfont!
Missing character: There is no n in font nullfont!
Missing character: There is no i in font nullfont!
Missing character: There is no c in font nullfont!
Missing character: There is no a in font nullfont!
Missing character: There is no s in font nullfont!
Missing character: There is no d in font nullfont!
Missing character: There is no e in font nullfont!
Missing character: There is no a in font nullfont!
Missing character: There is no p in font nullfont!
Missing character: There is no r in font nullfont!
Missing character: There is no e in font nullfont!
Missing character: There is no n in font nullfont!
Missing character: There is no d in font nullfont!
Missing character: There is no i in font nullfont!
Missing character: There is no z in font nullfont!
Missing character: There is no a in font nullfont!
Missing character: There is no j in font nullfont!
Missing character: There is no e in font nullfont!
Missing character: There is no a in font nullfont!
Missing character: There is no u in font nullfont!
Missing character: There is no t in font nullfont!
Missing character: There is no o in font nullfont!
Missing character: There is no m in font nullfont!
LaTeX Font Info:    Try loading font information for +cmr on input line 6.
LaTeX Font Info:    No file cmr.fd. on input line 6.

LaTeX Font Warning: Font shape `/cmr/m/n' undefined
(Font)              using `/cmr/m/n' instead on input line 6.

! Corrupted NFSS tables.
wrong@fontshape ...message {Corrupted NFSS tables}
                                                  error@fontshape else let f...
l.6 ... combinar t√©cnicas de aprendizaje autom\'a
                                                  tico \cite{Goodfellow-et-a...
This error message was generated by an \errmessage
command, so I can't give any explicit help.
Pretend that you're Hercule Poirot: Examine all clues,
and deduce the truth by order and method.


LaTeX Font Warning: Font shape `/cmr/m/n' undefined
(Font)              using `OT1/cmr/m/n' instead on input line 6.

Missing character: There is no t in font nullfont!
Missing character: There is no i in font nullfont!
Missing character: There is no c in font nullfont!
Missing character: There is no o in font nullfont!
Missing character: There is no [ in font nullfont!
\citation{Goodfellow-et-al-2016}
! Undefined control sequence.
<write> ...: Citation `\@citeb ' on page \thepage 
                                                  \space undefined\on@line .
l.6 ...e autom\'atico \cite{Goodfellow-et-al-2016}
                                                   y extracci\'on de \'Arbol...
The control sequence at the end of the top line
of your error message was never \def'ed. If you have
misspelled it (e.g., `\hobx'), type `I' and the correct
spelling (e.g., `I\hbox'). Otherwise just continue,
and I'll forget about whatever was undefined.


LaTeX Warning: Citation `Goodfellow-et-al-2016' on page  undefined on input lin
e 6.

Missing character: There is no ] in font nullfont!
Missing character: There is no y in font nullfont!
Missing character: There is no e in font nullfont!
Missing character: There is no x in font nullfont!
Missing character: There is no t in font nullfont!
Missing character: There is no r in font nullfont!
Missing character: There is no a in font nullfont!
Missing character: There is no c in font nullfont!
Missing character: There is no c in font nullfont!
Missing character: There is no i in font nullfont!
Missing character: There is no n in font nullfont!
Missing character: There is no d in font nullfont!
Missing character: There is no e in font nullfont!
Missing character: There is no r in font nullfont!
Missing character: There is no b in font nullfont!
Missing character: There is no o in font nullfont!
Missing character: There is no l in font nullfont!
Missing character: There is no e in font nullfont!
Missing character: There is no s in font nullfont!
Missing character: There is no d in font nullfont!
Missing character: There is no e in font nullfont!
Missing character: There is no S in font nullfont!
Missing character: There is no i in font nullfont!
Missing character: There is no n in font nullfont!
Missing character: There is no t in font nullfont!
Missing character: There is no a in font nullfont!
Missing character: There is no x in font nullfont!
Missing character: There is no i in font nullfont!
Missing character: There is no s in font nullfont!
Missing character: There is no A in font nullfont!
Missing character: There is no b in font nullfont!
Missing character: There is no s in font nullfont!
Missing character: There is no t in font nullfont!
Missing character: There is no r in font nullfont!
Missing character: There is no a in font nullfont!
Missing character: There is no c in font nullfont!
Missing character: There is no t in font nullfont!
Missing character: There is no a in font nullfont!
Missing character: There is no [ in font nullfont!
\citation{baxter1998clone}
! Undefined control sequence.
<write> ...: Citation `\@citeb ' on page \thepage 
                                                  \space undefined\on@line .
l.6 ...e Sintaxis Abstracta \cite{baxter1998clone}
                                                  , se propone un enfoque pa...
The control sequence at the end of the top line
of your error message was never \def'ed. If you have
misspelled it (e.g., `\hobx'), type `I' and the correct
spelling (e.g., `I\hbox'). Otherwise just continue,
and I'll forget about whatever was undefined.


LaTeX Warning: Citation `baxter1998clone' on page  undefined on input line 6.

Missing character: There is no ] in font nullfont!
Missing character: There is no , in font nullfont!
Missing character: There is no s in font nullfont!
Missing character: There is no e in font nullfont!
Missing character: There is no p in font nullfont!
Missing character: There is no r in font nullfont!
Missing character: There is no o in font nullfont!
Missing character: There is no p in font nullfont!
Missing character: There is no o in font nullfont!
Missing character: There is no n in font nullfont!
Missing character: There is no e in font nullfont!
Missing character: There is no u in font nullfont!
Missing character: There is no n in font nullfont!
Missing character: There is no e in font nullfont!
Missing character: There is no n in font nullfont!
Missing character: There is no f in font nullfont!
Missing character: There is no o in font nullfont!
Missing character: There is no q in font nullfont!
Missing character: There is no u in font nullfont!
Missing character: There is no e in font nullfont!
Missing character: There is no p in font nullfont!
Missing character: There is no a in font nullfont!
Missing character: There is no r in font nullfont!
Missing character: There is no a in font nullfont!
Missing character: There is no l in font nullfont!
Missing character: There is no a in font nullfont!
Missing character: There is no d in font nullfont!
Missing character: There is no e in font nullfont!
Missing character: There is no t in font nullfont!
Missing character: There is no e in font nullfont!
Missing character: There is no c in font nullfont!
Missing character: There is no c in font nullfont!
Missing character: There is no i in font nullfont!
Missing character: There is no √ in font nullfont!
Missing character: There is no ≥ in font nullfont!
Missing character: There is no n in font nullfont!
Missing character: There is no d in font nullfont!
Missing character: There is no e in font nullfont!
Missing character: There is no s in font nullfont!
Missing character: There is no i in font nullfont!
Missing character: There is no m in font nullfont!
Missing character: There is no i in font nullfont!
Missing character: There is no l in font nullfont!
Missing character: There is no i in font nullfont!
Missing character: There is no t in font nullfont!
Missing character: There is no u in font nullfont!
Missing character: There is no d in font nullfont!
Missing character: There is no d in font nullfont!
Missing character: There is no e in font nullfont!
Missing character: There is no c in font nullfont!
Missing character: There is no √ in font nullfont!
Missing character: There is no ≥ in font nullfont!
Missing character: There is no d in font nullfont!
Missing character: There is no i in font nullfont!
Missing character: There is no g in font nullfont!
Missing character: There is no o in font nullfont!
Missing character: There is no . in font nullfont!
Missing character: There is no E in font nullfont!
Missing character: There is no s in font nullfont!
Missing character: There is no t in font nullfont!
Missing character: There is no e in font nullfont!
Missing character: There is no e in font nullfont!
Missing character: There is no n in font nullfont!
Missing character: There is no f in font nullfont!
Missing character: There is no o in font nullfont!
Missing character: There is no q in font nullfont!
Missing character: There is no u in font nullfont!
Missing character: There is no e in font nullfont!
Missing character: There is no n in font nullfont!
Missing character: There is no o in font nullfont!
Missing character: There is no s in font nullfont!
Missing character: There is no √ in font nullfont!
Missing character: There is no ≥ in font nullfont!
Missing character: There is no l in font nullfont!
Missing character: There is no o in font nullfont!
Missing character: There is no b in font nullfont!
Missing character: There is no u in font nullfont!
Missing character: There is no s in font nullfont!
Missing character: There is no c in font nullfont!
Missing character: There is no a in font nullfont!
Missing character: There is no r in font nullfont!
Missing character: There is no e in font nullfont!
Missing character: There is no s in font nullfont!
Missing character: There is no o in font nullfont!
Missing character: There is no l in font nullfont!
Missing character: There is no v in font nullfont!
Missing character: There is no e in font nullfont!
Missing character: There is no r in font nullfont!
Missing character: There is no l in font nullfont!
Missing character: There is no o in font nullfont!
Missing character: There is no s in font nullfont!
Missing character: There is no p in font nullfont!
Missing character: There is no r in font nullfont!
Missing character: There is no o in font nullfont!
Missing character: There is no b in font nullfont!
Missing character: There is no l in font nullfont!
Missing character: There is no e in font nullfont!
Missing character: There is no m in font nullfont!
Missing character: There is no a in font nullfont!
Missing character: There is no s in font nullfont!
Missing character: There is no d in font nullfont!
Missing character: There is no e in font nullfont!
Missing character: There is no p in font nullfont!
Missing character: There is no l in font nullfont!
Missing character: There is no a in font nullfont!
Missing character: There is no g in font nullfont!
Missing character: There is no i in font nullfont!
Missing character: There is no o in font nullfont!
Missing character: There is no e in font nullfont!
Missing character: There is no n in font nullfont!
Missing character: There is no e in font nullfont!
Missing character: There is no n in font nullfont!
Missing character: There is no t in font nullfont!
Missing character: There is no o in font nullfont!
Missing character: There is no r in font nullfont!
Missing character: There is no n in font nullfont!
Missing character: There is no o in font nullfont!
Missing character: There is no s in font nullfont!
Missing character: There is no a in font nullfont!
Missing character: There is no c in font nullfont!
Missing character: There is no a in font nullfont!
Missing character: There is no d in font nullfont!
Missing character: There is no √ in font nullfont!
Missing character: There is no © in font nullfont!
Missing character: There is no m in font nullfont!
Missing character: There is no i in font nullfont!
Missing character: There is no c in font nullfont!
Missing character: There is no o in font nullfont!
Missing character: There is no s in font nullfont!
Missing character: There is no , in font nullfont!
Missing character: There is no s in font nullfont!
Missing character: There is no i in font nullfont!
Missing character: There is no n in font nullfont!
Missing character: There is no o in font nullfont!
Missing character: There is no t in font nullfont!
Missing character: There is no a in font nullfont!
Missing character: There is no m in font nullfont!
Missing character: There is no b in font nullfont!
Missing character: There is no i in font nullfont!
Missing character: There is no √ in font nullfont!
Missing character: There is no © in font nullfont!
Missing character: There is no n in font nullfont!
Missing character: There is no c in font nullfont!
Missing character: There is no o in font nullfont!
Missing character: There is no n in font nullfont!
Missing character: There is no t in font nullfont!
Missing character: There is no r in font nullfont!
Missing character: There is no i in font nullfont!
Missing character: There is no b in font nullfont!
Missing character: There is no u in font nullfont!
Missing character: There is no i in font nullfont!
Missing character: There is no r in font nullfont!
Missing character: There is no a in font nullfont!
Missing character: There is no l in font nullfont!
Missing character: There is no e in font nullfont!
Missing character: There is no n in font nullfont!
Missing character: There is no t in font nullfont!
Missing character: There is no e in font nullfont!
Missing character: There is no n in font nullfont!
Missing character: There is no d in font nullfont!
Missing character: There is no i in font nullfont!
Missing character: There is no m in font nullfont!
Missing character: There is no i in font nullfont!
Missing character: There is no e in font nullfont!
Missing character: There is no n in font nullfont!
Missing character: There is no t in font nullfont!
Missing character: There is no o in font nullfont!
Missing character: There is no t in font nullfont!
Missing character: There is no e in font nullfont!
Missing character: There is no √ in font nullfont!
Missing character: There is no ≥ in font nullfont!
Missing character: There is no r in font nullfont!
Missing character: There is no i in font nullfont!
Missing character: There is no c in font nullfont!
Missing character: There is no o in font nullfont!
Missing character: There is no d in font nullfont!
Missing character: There is no e in font nullfont!
Missing character: There is no l in font nullfont!
Missing character: There is no p in font nullfont!
Missing character: There is no r in font nullfont!
Missing character: There is no o in font nullfont!
Missing character: There is no b in font nullfont!
Missing character: There is no l in font nullfont!
Missing character: There is no e in font nullfont!
Missing character: There is no m in font nullfont!
Missing character: There is no a in font nullfont!
Missing character: There is no y in font nullfont!
Missing character: There is no o in font nullfont!
Missing character: There is no f in font nullfont!
Missing character: There is no r in font nullfont!
Missing character: There is no e in font nullfont!
Missing character: There is no c in font nullfont!
Missing character: There is no e in font nullfont!
Missing character: There is no r in font nullfont!
Missing character: There is no u in font nullfont!
Missing character: There is no n in font nullfont!
Missing character: There is no a in font nullfont!
Missing character: There is no b in font nullfont!
Missing character: There is no a in font nullfont!
Missing character: There is no s in font nullfont!
Missing character: There is no e in font nullfont!
Missing character: There is no p in font nullfont!
Missing character: There is no a in font nullfont!
Missing character: There is no r in font nullfont!
Missing character: There is no a in font nullfont!
Missing character: There is no f in font nullfont!
Missing character: There is no u in font nullfont!
Missing character: There is no t in font nullfont!
Missing character: There is no u in font nullfont!
Missing character: There is no r in font nullfont!
Missing character: There is no a in font nullfont!
Missing character: There is no s in font nullfont!
Missing character: There is no i in font nullfont!
Missing character: There is no n in font nullfont!
Missing character: There is no v in font nullfont!
Missing character: There is no e in font nullfont!
Missing character: There is no s in font nullfont!
Missing character: There is no t in font nullfont!
Missing character: There is no i in font nullfont!
Missing character: There is no g in font nullfont!
Missing character: There is no a in font nullfont!
Missing character: There is no c in font nullfont!
Missing character: There is no i in font nullfont!
Missing character: There is no o in font nullfont!
Missing character: There is no n in font nullfont!
Missing character: There is no e in font nullfont!
Missing character: There is no s in font nullfont!
Missing character: There is no e in font nullfont!
Missing character: There is no n in font nullfont!
Missing character: There is no e in font nullfont!
Missing character: There is no l in font nullfont!
Missing character: There is no √ in font nullfont!
Missing character: There is no ° in font nullfont!
Missing character: There is no r in font nullfont!
Missing character: There is no e in font nullfont!
Missing character: There is no a in font nullfont!
Missing character: There is no . in font nullfont!

Overfull \hbox (20.0pt too wide) in paragraph at lines 6--7
[]
 []


Overfull \hbox (10.00003pt too wide) in paragraph at lines 6--7
\/cmr/m/n/10 a
 []


Overfull \hbox (5.43053pt too wide) in paragraph at lines 6--7
[]
 []


Overfull \hbox (5.00002pt too wide) in paragraph at lines 6--7
\/cmr/m/n/10 o
 []


Overfull \hbox (7.50002pt too wide) in paragraph at lines 6--7
[]\/cmr/m/n/10 A
 []


Overfull \hbox (5.43053pt too wide) in paragraph at lines 6--7
[]
 []

! Undefined control sequence.
l.9 \section
            *{Motivaci√≥n y justificaci√≥n}
The control sequence at the end of the top line
of your error message was never \def'ed. If you have
misspelled it (e.g., `\hobx'), type `I' and the correct
spelling (e.g., `I\hbox'). Otherwise just continue,
and I'll forget about whatever was undefined.


! LaTeX Error: Missing \begin{document}.

See the LaTeX manual or LaTeX Companion for explanation.
Type  H <return>  for immediate help.
 ...                                              
                                                  
l.9 \section*
             {Motivaci√≥n y justificaci√≥n}
You're in trouble here.  Try typing  <return>  to proceed.
If that doesn't work, type  X <return>  to quit.

Missing character: There is no * in font nullfont!
Missing character: There is no M in font nullfont!
Missing character: There is no o in font nullfont!
Missing character: There is no t in font nullfont!
Missing character: There is no i in font nullfont!
Missing character: There is no v in font nullfont!
Missing character: There is no a in font nullfont!
Missing character: There is no c in font nullfont!
Missing character: There is no i in font nullfont!
Missing character: There is no √ in font nullfont!
Missing character: There is no ≥ in font nullfont!
Missing character: There is no n in font nullfont!
Missing character: There is no y in font nullfont!
Missing character: There is no j in font nullfont!
Missing character: There is no u in font nullfont!
Missing character: There is no s in font nullfont!
Missing character: There is no t in font nullfont!
Missing character: There is no i in font nullfont!
Missing character: There is no f in font nullfont!
Missing character: There is no i in font nullfont!
Missing character: There is no c in font nullfont!
Missing character: There is no a in font nullfont!
Missing character: There is no c in font nullfont!
Missing character: There is no i in font nullfont!
Missing character: There is no √ in font nullfont!
Missing character: There is no ≥ in font nullfont!
Missing character: There is no n in font nullfont!

Overfull \hbox (20.0pt too wide) in paragraph at lines 9--10
[]
 []


! LaTeX Error: Missing \begin{document}.

See the LaTeX manual or LaTeX Companion for explanation.
Type  H <return>  for immediate help.
 ...                                              
                                                  
l.11 E
      n el contexto acad√©mico, la detecci√≥n de similitud de c√≥digo y el a...

You're in trouble here.  Try typing  <return>  to proceed.
If that doesn't work, type  X <return>  to quit.

Missing character: There is no E in font nullfont!
Missing character: There is no n in font nullfont!
Missing character: There is no e in font nullfont!
Missing character: There is no l in font nullfont!
Missing character: There is no c in font nullfont!
Missing character: There is no o in font nullfont!
Missing character: There is no n in font nullfont!
Missing character: There is no t in font nullfont!
Missing character: There is no e in font nullfont!
Missing character: There is no x in font nullfont!
Missing character: There is no t in font nullfont!
Missing character: There is no o in font nullfont!
Missing character: There is no a in font nullfont!
Missing character: There is no c in font nullfont!
Missing character: There is no a in font nullfont!
Missing character: There is no d in font nullfont!
Missing character: There is no √ in font nullfont!
Missing character: There is no © in font nullfont!
Missing character: There is no m in font nullfont!
Missing character: There is no i in font nullfont!
Missing character: There is no c in font nullfont!
Missing character: There is no o in font nullfont!
Missing character: There is no , in font nullfont!
Missing character: There is no l in font nullfont!
Missing character: There is no a in font nullfont!
Missing character: There is no d in font nullfont!
Missing character: There is no e in font nullfont!
Missing character: There is no t in font nullfont!
Missing character: There is no e in font nullfont!
Missing character: There is no c in font nullfont!
Missing character: There is no c in font nullfont!
Missing character: There is no i in font nullfont!
Missing character: There is no √ in font nullfont!
Missing character: There is no ≥ in font nullfont!
Missing character: There is no n in font nullfont!
Missing character: There is no d in font nullfont!
Missing character: There is no e in font nullfont!
Missing character: There is no s in font nullfont!
Missing character: There is no i in font nullfont!
Missing character: There is no m in font nullfont!
Missing character: There is no i in font nullfont!
Missing character: There is no l in font nullfont!
Missing character: There is no i in font nullfont!
Missing character: There is no t in font nullfont!
Missing character: There is no u in font nullfont!
Missing character: There is no d in font nullfont!
Missing character: There is no d in font nullfont!
Missing character: There is no e in font nullfont!
Missing character: There is no c in font nullfont!
Missing character: There is no √ in font nullfont!
Missing character: There is no ≥ in font nullfont!
Missing character: There is no d in font nullfont!
Missing character: There is no i in font nullfont!
Missing character: There is no g in font nullfont!
Missing character: There is no o in font nullfont!
Missing character: There is no y in font nullfont!
Missing character: There is no e in font nullfont!
Missing character: There is no l in font nullfont!
Missing character: There is no a in font nullfont!
Missing character: There is no n in font nullfont!
Missing character: There is no √ in font nullfont!
Missing character: There is no ° in font nullfont!
Missing character: There is no l in font nullfont!
Missing character: There is no i in font nullfont!
Missing character: There is no s in font nullfont!
Missing character: There is no i in font nullfont!
Missing character: There is no s in font nullfont!
Missing character: There is no d in font nullfont!
Missing character: There is no e in font nullfont!
Missing character: There is no p in font nullfont!
Missing character: There is no l in font nullfont!
Missing character: There is no a in font nullfont!
Missing character: There is no g in font nullfont!
Missing character: There is no i in font nullfont!
Missing character: There is no o in font nullfont!
Missing character: There is no s in font nullfont!
Missing character: There is no r in font nullfont!
Missing character: There is no e in font nullfont!
Missing character: There is no p in font nullfont!
Missing character: There is no r in font nullfont!
Missing character: There is no e in font nullfont!
Missing character: There is no s in font nullfont!
Missing character: There is no e in font nullfont!
Missing character: There is no n in font nullfont!
Missing character: There is no t in font nullfont!
Missing character: There is no a in font nullfont!
Missing character: There is no n in font nullfont!
Missing character: There is no u in font nullfont!
Missing character: There is no n in font nullfont!
Missing character: There is no d in font nullfont!
Missing character: There is no e in font nullfont!
Missing character: There is no s in font nullfont!
Missing character: There is no a in font nullfont!
Missing character: There is no f in font nullfont!
Missing character: There is no √ in font nullfont!
Missing character: There is no ≠ in font nullfont!
Missing character: There is no o in font nullfont!
Missing character: There is no e in font nullfont!
Missing character: There is no n in font nullfont!
Missing character: There is no l in font nullfont!
Missing character: There is no a in font nullfont!
Missing character: There is no s in font nullfont!
Missing character: There is no e in font nullfont!
Missing character: There is no v in font nullfont!
Missing character: There is no a in font nullfont!
Missing character: There is no l in font nullfont!
Missing character: There is no u in font nullfont!
Missing character: There is no a in font nullfont!
Missing character: There is no c in font nullfont!
Missing character: There is no i in font nullfont!
Missing character: There is no o in font nullfont!
Missing character: There is no n in font nullfont!
Missing character: There is no e in font nullfont!
Missing character: There is no s in font nullfont!
Missing character: There is no d in font nullfont!
Missing character: There is no o in font nullfont!
Missing character: There is no c in font nullfont!
Missing character: There is no e in font nullfont!
Missing character: There is no n in font nullfont!
Missing character: There is no t in font nullfont!
Missing character: There is no e in font nullfont!
Missing character: There is no s in font nullfont!
Missing character: There is no . in font nullfont!
Missing character: There is no L in font nullfont!
Missing character: There is no o in font nullfont!
Missing character: There is no s in font nullfont!
Missing character: There is no p in font nullfont!
Missing character: There is no r in font nullfont!
Missing character: There is no o in font nullfont!
Missing character: There is no f in font nullfont!
Missing character: There is no e in font nullfont!
Missing character: There is no s in font nullfont!
Missing character: There is no o in font nullfont!
Missing character: There is no r in font nullfont!
Missing character: There is no e in font nullfont!
Missing character: There is no s in font nullfont!
Missing character: There is no e in font nullfont!
Missing character: There is no n in font nullfont!
Missing character: There is no f in font nullfont!
Missing character: There is no r in font nullfont!
Missing character: There is no e in font nullfont!
Missing character: There is no n in font nullfont!
Missing character: There is no t in font nullfont!
Missing character: There is no a in font nullfont!
Missing character: There is no n in font nullfont!
Missing character: There is no l in font nullfont!
Missing character: There is no a in font nullfont!
Missing character: There is no t in font nullfont!
Missing character: There is no a in font nullfont!
Missing character: There is no r in font nullfont!
Missing character: There is no e in font nullfont!
Missing character: There is no a in font nullfont!
Missing character: There is no d in font nullfont!
Missing character: There is no e in font nullfont!
Missing character: There is no g in font nullfont!
Missing character: There is no a in font nullfont!
Missing character: There is no r in font nullfont!
Missing character: There is no a in font nullfont!
Missing character: There is no n in font nullfont!
Missing character: There is no t in font nullfont!
Missing character: There is no i in font nullfont!
Missing character: There is no z in font nullfont!
Missing character: There is no a in font nullfont!
Missing character: There is no r in font nullfont!
Missing character: There is no l in font nullfont!
Missing character: There is no a in font nullfont!
Missing character: There is no o in font nullfont!
Missing character: There is no r in font nullfont!
Missing character: There is no i in font nullfont!
Missing character: There is no g in font nullfont!
Missing character: There is no i in font nullfont!
Missing character: There is no n in font nullfont!
Missing character: There is no a in font nullfont!
Missing character: There is no l in font nullfont!
Missing character: There is no i in font nullfont!
Missing character: There is no d in font nullfont!
Missing character: There is no a in font nullfont!
Missing character: There is no d in font nullfont!
Missing character: There is no e in font nullfont!
Missing character: There is no n in font nullfont!
Missing character: There is no l in font nullfont!
Missing character: There is no a in font nullfont!
Missing character: There is no s in font nullfont!
Missing character: There is no s in font nullfont!
Missing character: There is no o in font nullfont!
Missing character: There is no l in font nullfont!
Missing character: There is no u in font nullfont!
Missing character: There is no c in font nullfont!
Missing character: There is no i in font nullfont!
Missing character: There is no o in font nullfont!
Missing character: There is no n in font nullfont!
Missing character: There is no e in font nullfont!
Missing character: There is no s in font nullfont!
Missing character: There is no d in font nullfont!
Missing character: There is no e in font nullfont!
Missing character: There is no l in font nullfont!
Missing character: There is no o in font nullfont!
Missing character: There is no s in font nullfont!
Missing character: There is no e in font nullfont!
Missing character: There is no s in font nullfont!
Missing character: There is no t in font nullfont!
Missing character: There is no u in font nullfont!
Missing character: There is no d in font nullfont!
Missing character: There is no i in font nullfont!
Missing character: There is no a in font nullfont!
Missing character: There is no n in font nullfont!
Missing character: There is no t in font nullfont!
Missing character: There is no e in font nullfont!
Missing character: There is no s in font nullfont!
Missing character: There is no a in font nullfont!
Missing character: There is no l in font nullfont!
Missing character: There is no o in font nullfont!
Missing character: There is no s in font nullfont!
Missing character: There is no p in font nullfont!
Missing character: There is no r in font nullfont!
Missing character: There is no o in font nullfont!
Missing character: There is no b in font nullfont!
Missing character: There is no l in font nullfont!
Missing character: There is no e in font nullfont!
Missing character: There is no m in font nullfont!
Missing character: There is no a in font nullfont!
Missing character: There is no s in font nullfont!
Missing character: There is no d in font nullfont!
Missing character: There is no e in font nullfont!
Missing character: There is no p in font nullfont!
Missing character: There is no r in font nullfont!
Missing character: There is no o in font nullfont!
Missing character: There is no g in font nullfont!
Missing character: There is no r in font nullfont!
Missing character: There is no a in font nullfont!
Missing character: There is no m in font nullfont!
Missing character: There is no a in font nullfont!
Missing character: There is no c in font nullfont!
Missing character: There is no i in font nullfont!
Missing character: There is no √ in font nullfont!
Missing character: There is no ≥ in font nullfont!
Missing character: There is no n in font nullfont!
Missing character: There is no q in font nullfont!
Missing character: There is no u in font nullfont!
Missing character: There is no e in font nullfont!
Missing character: There is no s in font nullfont!
Missing character: There is no e in font nullfont!
Missing character: There is no l in font nullfont!
Missing character: There is no e in font nullfont!
Missing character: There is no p in font nullfont!
Missing character: There is no r in font nullfont!
Missing character: There is no e in font nullfont!
Missing character: There is no s in font nullfont!
Missing character: There is no e in font nullfont!
Missing character: There is no n in font nullfont!
Missing character: There is no t in font nullfont!
Missing character: There is no a in font nullfont!
Missing character: There is no . in font nullfont!
Missing character: There is no E in font nullfont!
Missing character: There is no s in font nullfont!
Missing character: There is no t in font nullfont!
Missing character: There is no e in font nullfont!
Missing character: There is no p in font nullfont!
Missing character: There is no r in font nullfont!
Missing character: There is no o in font nullfont!
Missing character: There is no b in font nullfont!
Missing character: There is no l in font nullfont!
Missing character: There is no e in font nullfont!
Missing character: There is no m in font nullfont!
Missing character: There is no a in font nullfont!
Missing character: There is no n in font nullfont!
Missing character: There is no o in font nullfont!
Missing character: There is no s in font nullfont!
Missing character: There is no o in font nullfont!
Missing character: There is no l in font nullfont!
Missing character: There is no o in font nullfont!
Missing character: There is no a in font nullfont!
Missing character: There is no f in font nullfont!
Missing character: There is no e in font nullfont!
Missing character: There is no c in font nullfont!
Missing character: There is no t in font nullfont!
Missing character: There is no a in font nullfont!
Missing character: There is no l in font nullfont!
Missing character: There is no a in font nullfont!
Missing character: There is no i in font nullfont!
Missing character: There is no n in font nullfont!
Missing character: There is no t in font nullfont!
Missing character: There is no e in font nullfont!
Missing character: There is no g in font nullfont!
Missing character: There is no r in font nullfont!
Missing character: There is no i in font nullfont!
Missing character: There is no d in font nullfont!
Missing character: There is no a in font nullfont!
Missing character: There is no d in font nullfont!
Missing character: There is no a in font nullfont!
Missing character: There is no c in font nullfont!
Missing character: There is no a in font nullfont!
Missing character: There is no d in font nullfont!
Missing character: There is no √ in font nullfont!
Missing character: There is no © in font nullfont!
Missing character: There is no m in font nullfont!
Missing character: There is no i in font nullfont!
Missing character: There is no c in font nullfont!
Missing character: There is no a in font nullfont!
Missing character: There is no , in font nullfont!
Missing character: There is no s in font nullfont!
Missing character: There is no i in font nullfont!
Missing character: There is no n in font nullfont!
Missing character: There is no o in font nullfont!
Missing character: There is no q in font nullfont!
Missing character: There is no u in font nullfont!
Missing character: There is no e in font nullfont!
Missing character: There is no t in font nullfont!
Missing character: There is no a in font nullfont!
Missing character: There is no m in font nullfont!
Missing character: There is no b in font nullfont!
Missing character: There is no i in font nullfont!
Missing character: There is no √ in font nullfont!
Missing character: There is no © in font nullfont!
Missing character: There is no n in font nullfont!
Missing character: There is no d in font nullfont!
Missing character: There is no i in font nullfont!
Missing character: There is no f in font nullfont!
Missing character: There is no i in font nullfont!
Missing character: There is no c in font nullfont!
Missing character: There is no u in font nullfont!
Missing character: There is no l in font nullfont!
Missing character: There is no t in font nullfont!
Missing character: There is no a in font nullfont!
Missing character: There is no e in font nullfont!
Missing character: There is no v in font nullfont!
Missing character: There is no a in font nullfont!
Missing character: There is no l in font nullfont!
Missing character: There is no u in font nullfont!
Missing character: There is no a in font nullfont!
Missing character: There is no r in font nullfont!
Missing character: There is no d in font nullfont!
Missing character: There is no e in font nullfont!
Missing character: There is no m in font nullfont!
Missing character: There is no a in font nullfont!
Missing character: There is no n in font nullfont!
Missing character: There is no e in font nullfont!
Missing character: There is no r in font nullfont!
Missing character: There is no a in font nullfont!
Missing character: There is no j in font nullfont!
Missing character: There is no u in font nullfont!
Missing character: There is no s in font nullfont!
Missing character: There is no t in font nullfont!
Missing character: There is no a in font nullfont!
Missing character: There is no e in font nullfont!
Missing character: There is no l in font nullfont!
Missing character: There is no a in font nullfont!
Missing character: There is no p in font nullfont!
Missing character: There is no r in font nullfont!
Missing character: There is no e in font nullfont!
Missing character: There is no n in font nullfont!
Missing character: There is no d in font nullfont!
Missing character: There is no i in font nullfont!
Missing character: There is no z in font nullfont!
Missing character: There is no a in font nullfont!
Missing character: There is no j in font nullfont!
Missing character: There is no e in font nullfont!
Missing character: There is no y in font nullfont!
Missing character: There is no l in font nullfont!
Missing character: There is no a in font nullfont!
Missing character: There is no c in font nullfont!
Missing character: There is no o in font nullfont!
Missing character: There is no m in font nullfont!
Missing character: There is no p in font nullfont!
Missing character: There is no r in font nullfont!
Missing character: There is no e in font nullfont!
Missing character: There is no n in font nullfont!
Missing character: There is no s in font nullfont!
Missing character: There is no i in font nullfont!
Missing character: There is no √ in font nullfont!
Missing character: There is no ≥ in font nullfont!
Missing character: There is no n in font nullfont!
Missing character: There is no d in font nullfont!
Missing character: There is no e in font nullfont!
Missing character: There is no c in font nullfont!
Missing character: There is no o in font nullfont!
Missing character: There is no n in font nullfont!
Missing character: There is no c in font nullfont!
Missing character: There is no e in font nullfont!
Missing character: There is no p in font nullfont!
Missing character: There is no t in font nullfont!
Missing character: There is no o in font nullfont!
Missing character: There is no s in font nullfont!
Missing character: There is no . in font nullfont!

Overfull \hbox (20.0pt too wide) in paragraph at lines 11--12
[]
 []


! LaTeX Error: Missing \begin{document}.

See the LaTeX manual or LaTeX Companion for explanation.
Type  H <return>  for immediate help.
 ...                                              
                                                  
l.13 E
      l plagio de c√≥digo puede presentarse mediante pr√°cticas como la copi...

You're in trouble here.  Try typing  <return>  to proceed.
If that doesn't work, type  X <return>  to quit.

Missing character: There is no E in font nullfont!
Missing character: There is no l in font nullfont!
Missing character: There is no p in font nullfont!
Missing character: There is no l in font nullfont!
Missing character: There is no a in font nullfont!
Missing character: There is no g in font nullfont!
Missing character: There is no i in font nullfont!
Missing character: There is no o in font nullfont!
Missing character: There is no d in font nullfont!
Missing character: There is no e in font nullfont!
Missing character: There is no c in font nullfont!
Missing character: There is no √ in font nullfont!
Missing character: There is no ≥ in font nullfont!
Missing character: There is no d in font nullfont!
Missing character: There is no i in font nullfont!
Missing character: There is no g in font nullfont!
Missing character: There is no o in font nullfont!
Missing character: There is no p in font nullfont!
Missing character: There is no u in font nullfont!
Missing character: There is no e in font nullfont!
Missing character: There is no d in font nullfont!
Missing character: There is no e in font nullfont!
Missing character: There is no p in font nullfont!
Missing character: There is no r in font nullfont!
Missing character: There is no e in font nullfont!
Missing character: There is no s in font nullfont!
Missing character: There is no e in font nullfont!
Missing character: There is no n in font nullfont!
Missing character: There is no t in font nullfont!
Missing character: There is no a in font nullfont!
Missing character: There is no r in font nullfont!
Missing character: There is no s in font nullfont!
Missing character: There is no e in font nullfont!
Missing character: There is no m in font nullfont!
Missing character: There is no e in font nullfont!
Missing character: There is no d in font nullfont!
Missing character: There is no i in font nullfont!
Missing character: There is no a in font nullfont!
Missing character: There is no n in font nullfont!
Missing character: There is no t in font nullfont!
Missing character: There is no e in font nullfont!
Missing character: There is no p in font nullfont!
Missing character: There is no r in font nullfont!
Missing character: There is no √ in font nullfont!
Missing character: There is no ° in font nullfont!
Missing character: There is no c in font nullfont!
Missing character: There is no t in font nullfont!
Missing character: There is no i in font nullfont!
Missing character: There is no c in font nullfont!
Missing character: There is no a in font nullfont!
Missing character: There is no s in font nullfont!
Missing character: There is no c in font nullfont!
Missing character: There is no o in font nullfont!
Missing character: There is no m in font nullfont!
Missing character: There is no o in font nullfont!
Missing character: There is no l in font nullfont!
Missing character: There is no a in font nullfont!
Missing character: There is no c in font nullfont!
Missing character: There is no o in font nullfont!
Missing character: There is no p in font nullfont!
Missing character: There is no i in font nullfont!
Missing character: There is no a in font nullfont!
Missing character: There is no l in font nullfont!
Missing character: There is no i in font nullfont!
Missing character: There is no t in font nullfont!
Missing character: There is no e in font nullfont!
Missing character: There is no r in font nullfont!
Missing character: There is no a in font nullfont!
Missing character: There is no l in font nullfont!
Missing character: There is no , in font nullfont!
Missing character: There is no e in font nullfont!
Missing character: There is no l in font nullfont!
Missing character: There is no c in font nullfont!
Missing character: There is no a in font nullfont!
Missing character: There is no m in font nullfont!
Missing character: There is no b in font nullfont!
Missing character: There is no i in font nullfont!
Missing character: There is no o in font nullfont!
Missing character: There is no d in font nullfont!
Missing character: There is no e in font nullfont!
Missing character: There is no n in font nullfont!
Missing character: There is no o in font nullfont!
Missing character: There is no m in font nullfont!
Missing character: There is no b in font nullfont!
Missing character: There is no r in font nullfont!
Missing character: There is no e in font nullfont!
Missing character: There is no s in font nullfont!
Missing character: There is no d in font nullfont!
Missing character: There is no e in font nullfont!
Missing character: There is no v in font nullfont!
Missing character: There is no a in font nullfont!
Missing character: There is no r in font nullfont!
Missing character: There is no i in font nullfont!
Missing character: There is no a in font nullfont!
Missing character: There is no b in font nullfont!
Missing character: There is no l in font nullfont!
Missing character: There is no e in font nullfont!
Missing character: There is no s in font nullfont!
Missing character: There is no , in font nullfont!
Missing character: There is no l in font nullfont!
Missing character: There is no a in font nullfont!
Missing character: There is no r in font nullfont!
Missing character: There is no e in font nullfont!
Missing character: There is no o in font nullfont!
Missing character: There is no r in font nullfont!
Missing character: There is no g in font nullfont!
Missing character: There is no a in font nullfont!
Missing character: There is no n in font nullfont!
Missing character: There is no i in font nullfont!
Missing character: There is no z in font nullfont!
Missing character: There is no a in font nullfont!
Missing character: There is no c in font nullfont!
Missing character: There is no i in font nullfont!
Missing character: There is no √ in font nullfont!
Missing character: There is no ≥ in font nullfont!
Missing character: There is no n in font nullfont!
Missing character: There is no d in font nullfont!
Missing character: There is no e in font nullfont!
Missing character: There is no b in font nullfont!
Missing character: There is no l in font nullfont!
Missing character: There is no o in font nullfont!
Missing character: There is no q in font nullfont!
Missing character: There is no u in font nullfont!
Missing character: There is no e in font nullfont!
Missing character: There is no s in font nullfont!
Missing character: There is no d in font nullfont!
Missing character: There is no e in font nullfont!
Missing character: There is no c in font nullfont!
Missing character: There is no √ in font nullfont!
Missing character: There is no ≥ in font nullfont!
Missing character: There is no d in font nullfont!
Missing character: There is no i in font nullfont!
Missing character: There is no g in font nullfont!
Missing character: There is no o in font nullfont!
Missing character: There is no o in font nullfont!
Missing character: There is no l in font nullfont!
Missing character: There is no a in font nullfont!
Missing character: There is no r in font nullfont!
Missing character: There is no e in font nullfont!
Missing character: There is no e in font nullfont!
Missing character: There is no s in font nullfont!
Missing character: There is no c in font nullfont!
Missing character: There is no r in font nullfont!
Missing character: There is no i in font nullfont!
Missing character: There is no t in font nullfont!
Missing character: There is no u in font nullfont!
Missing character: There is no r in font nullfont!
Missing character: There is no a in font nullfont!
Missing character: There is no c in font nullfont!
Missing character: There is no o in font nullfont!
Missing character: There is no n in font nullfont!
Missing character: There is no e in font nullfont!
Missing character: There is no s in font nullfont!
Missing character: There is no t in font nullfont!
Missing character: There is no r in font nullfont!
Missing character: There is no u in font nullfont!
Missing character: There is no c in font nullfont!
Missing character: There is no t in font nullfont!
Missing character: There is no u in font nullfont!
Missing character: There is no r in font nullfont!
Missing character: There is no a in font nullfont!
Missing character: There is no s in font nullfont!
Missing character: There is no e in font nullfont!
Missing character: There is no q in font nullfont!
Missing character: There is no u in font nullfont!
Missing character: There is no i in font nullfont!
Missing character: There is no v in font nullfont!
Missing character: There is no a in font nullfont!
Missing character: There is no l in font nullfont!
Missing character: There is no e in font nullfont!
Missing character: There is no n in font nullfont!
Missing character: There is no t in font nullfont!
Missing character: There is no e in font nullfont!
Missing character: There is no s in font nullfont!
Missing character: There is no q in font nullfont!
Missing character: There is no u in font nullfont!
Missing character: There is no e in font nullfont!
Missing character: There is no m in font nullfont!
Missing character: There is no a in font nullfont!
Missing character: There is no n in font nullfont!
Missing character: There is no t in font nullfont!
Missing character: There is no e in font nullfont!
Missing character: There is no n in font nullfont!
Missing character: There is no g in font nullfont!
Missing character: There is no a in font nullfont!
Missing character: There is no n in font nullfont!
Missing character: There is no l in font nullfont!
Missing character: There is no a in font nullfont!
Missing character: There is no l in font nullfont!
Missing character: There is no g in font nullfont!
Missing character: There is no i in font nullfont!
Missing character: There is no c in font nullfont!
Missing character: There is no a in font nullfont!
Missing character: There is no d in font nullfont!
Missing character: There is no e in font nullfont!
Missing character: There is no l in font nullfont!
Missing character: There is no o in font nullfont!
Missing character: There is no s in font nullfont!
Missing character: There is no a in font nullfont!
Missing character: There is no l in font nullfont!
Missing character: There is no g in font nullfont!
Missing character: There is no o in font nullfont!
Missing character: There is no r in font nullfont!
Missing character: There is no i in font nullfont!
Missing character: There is no t in font nullfont!
Missing character: There is no m in font nullfont!
Missing character: There is no o in font nullfont!
Missing character: There is no s in font nullfont!
Missing character: There is no . in font nullfont!
Missing character: There is no C in font nullfont!
Missing character: There is no o in font nullfont!
Missing character: There is no m in font nullfont!
Missing character: There is no o in font nullfont!
Missing character: There is no r in font nullfont!
Missing character: There is no e in font nullfont!
Missing character: There is no s in font nullfont!
Missing character: There is no u in font nullfont!
Missing character: There is no l in font nullfont!
Missing character: There is no t in font nullfont!
Missing character: There is no a in font nullfont!
Missing character: There is no d in font nullfont!
Missing character: There is no o in font nullfont!
Missing character: There is no , in font nullfont!
Missing character: There is no l in font nullfont!
Missing character: There is no a in font nullfont!
Missing character: There is no d in font nullfont!
Missing character: There is no e in font nullfont!
Missing character: There is no t in font nullfont!
Missing character: There is no e in font nullfont!
Missing character: There is no c in font nullfont!
Missing character: There is no c in font nullfont!
Missing character: There is no i in font nullfont!
Missing character: There is no √ in font nullfont!
Missing character: There is no ≥ in font nullfont!
Missing character: There is no n in font nullfont!
Missing character: There is no e in font nullfont!
Missing character: There is no f in font nullfont!
Missing character: There is no e in font nullfont!
Missing character: There is no c in font nullfont!
Missing character: There is no t in font nullfont!
Missing character: There is no i in font nullfont!
Missing character: There is no v in font nullfont!
Missing character: There is no a in font nullfont!
Missing character: There is no r in font nullfont!
Missing character: There is no e in font nullfont!
Missing character: There is no q in font nullfont!
Missing character: There is no u in font nullfont!
Missing character: There is no i in font nullfont!
Missing character: There is no e in font nullfont!
Missing character: There is no r in font nullfont!
Missing character: There is no e in font nullfont!
Missing character: There is no s in font nullfont!
Missing character: There is no i in font nullfont!
Missing character: There is no s in font nullfont!
Missing character: There is no t in font nullfont!
Missing character: There is no e in font nullfont!
Missing character: There is no m in font nullfont!
Missing character: There is no a in font nullfont!
Missing character: There is no s in font nullfont!
Missing character: There is no q in font nullfont!
Missing character: There is no u in font nullfont!
Missing character: There is no e in font nullfont!
Missing character: There is no p in font nullfont!
Missing character: There is no u in font nullfont!
Missing character: There is no e in font nullfont!
Missing character: There is no d in font nullfont!
Missing character: There is no a in font nullfont!
Missing character: There is no n in font nullfont!
Missing character: There is no i in font nullfont!
Missing character: There is no d in font nullfont!
Missing character: There is no e in font nullfont!
Missing character: There is no n in font nullfont!
Missing character: There is no t in font nullfont!
Missing character: There is no i in font nullfont!
Missing character: There is no f in font nullfont!
Missing character: There is no i in font nullfont!
Missing character: There is no c in font nullfont!
Missing character: There is no a in font nullfont!
Missing character: There is no r in font nullfont!
Missing character: There is no s in font nullfont!
Missing character: There is no i in font nullfont!
Missing character: There is no m in font nullfont!
Missing character: There is no i in font nullfont!
Missing character: There is no l in font nullfont!
Missing character: There is no i in font nullfont!
Missing character: There is no t in font nullfont!
Missing character: There is no u in font nullfont!
Missing character: There is no d in font nullfont!
Missing character: There is no e in font nullfont!
Missing character: There is no s in font nullfont!
Missing character: There is no s in font nullfont!
Missing character: There is no e in font nullfont!
Missing character: There is no m in font nullfont!
Missing character: There is no √ in font nullfont!
Missing character: There is no ° in font nullfont!
Missing character: There is no n in font nullfont!
Missing character: There is no t in font nullfont!
Missing character: There is no i in font nullfont!
Missing character: There is no c in font nullfont!
Missing character: There is no a in font nullfont!
Missing character: There is no s in font nullfont!
Missing character: There is no y in font nullfont!
Missing character: There is no e in font nullfont!
Missing character: There is no s in font nullfont!
Missing character: There is no t in font nullfont!
Missing character: There is no r in font nullfont!
Missing character: There is no u in font nullfont!
Missing character: There is no c in font nullfont!
Missing character: There is no t in font nullfont!
Missing character: There is no u in font nullfont!
Missing character: There is no r in font nullfont!
Missing character: There is no a in font nullfont!
Missing character: There is no l in font nullfont!
Missing character: There is no e in font nullfont!
Missing character: There is no s in font nullfont!
Missing character: There is no , in font nullfont!
Missing character: There is no i in font nullfont!
Missing character: There is no n in font nullfont!
Missing character: There is no d in font nullfont!
Missing character: There is no e in font nullfont!
Missing character: There is no p in font nullfont!
Missing character: There is no e in font nullfont!
Missing character: There is no n in font nullfont!
Missing character: There is no d in font nullfont!
Missing character: There is no i in font nullfont!
Missing character: There is no e in font nullfont!
Missing character: There is no n in font nullfont!
Missing character: There is no t in font nullfont!
Missing character: There is no e in font nullfont!
Missing character: There is no m in font nullfont!
Missing character: There is no e in font nullfont!
Missing character: There is no n in font nullfont!
Missing character: There is no t in font nullfont!
Missing character: There is no e in font nullfont!
Missing character: There is no d in font nullfont!
Missing character: There is no e in font nullfont!
Missing character: There is no l in font nullfont!
Missing character: There is no a in font nullfont!
Missing character: There is no s in font nullfont!
Missing character: There is no t in font nullfont!
Missing character: There is no r in font nullfont!
Missing character: There is no a in font nullfont!
Missing character: There is no n in font nullfont!
Missing character: There is no s in font nullfont!
Missing character: There is no f in font nullfont!
Missing character: There is no o in font nullfont!
Missing character: There is no r in font nullfont!
Missing character: There is no m in font nullfont!
Missing character: There is no a in font nullfont!
Missing character: There is no c in font nullfont!
Missing character: There is no i in font nullfont!
Missing character: There is no o in font nullfont!
Missing character: There is no n in font nullfont!
Missing character: There is no e in font nullfont!
Missing character: There is no s in font nullfont!
Missing character: There is no q in font nullfont!
Missing character: There is no u in font nullfont!
Missing character: There is no e in font nullfont!
Missing character: There is no s in font nullfont!
Missing character: There is no e in font nullfont!
Missing character: There is no r in font nullfont!
Missing character: There is no e in font nullfont!
Missing character: There is no a in font nullfont!
Missing character: There is no l in font nullfont!
Missing character: There is no i in font nullfont!
Missing character: There is no z in font nullfont!
Missing character: There is no a in font nullfont!
Missing character: There is no n in font nullfont!
Missing character: There is no . in font nullfont!

Overfull \hbox (20.0pt too wide) in paragraph at lines 13--14
[]
 []


Overfull \hbox (5.00002pt too wide) in paragraph at lines 13--14
\/cmr/m/n/10 o
 []

! Undefined control sequence.
l.16 \section
             *{Formulaci√≥n del problema}
The control sequence at the end of the top line
of your error message was never \def'ed. If you have
misspelled it (e.g., `\hobx'), type `I' and the correct
spelling (e.g., `I\hbox'). Otherwise just continue,
and I'll forget about whatever was undefined.


! LaTeX Error: Missing \begin{document}.

See the LaTeX manual or LaTeX Companion for explanation.
Type  H <return>  for immediate help.
 ...                                              
                                                  
l.16 \section*
              {Formulaci√≥n del problema}
You're in trouble here.  Try typing  <return>  to proceed.
If that doesn't work, type  X <return>  to quit.

Missing character: There is no * in font nullfont!
Missing character: There is no F in font nullfont!
Missing character: There is no o in font nullfont!
Missing character: There is no r in font nullfont!
Missing character: There is no m in font nullfont!
Missing character: There is no u in font nullfont!
Missing character: There is no l in font nullfont!
Missing character: There is no a in font nullfont!
Missing character: There is no c in font nullfont!
Missing character: There is no i in font nullfont!
Missing character: There is no √ in font nullfont!
Missing character: There is no ≥ in font nullfont!
Missing character: There is no n in font nullfont!
Missing character: There is no d in font nullfont!
Missing character: There is no e in font nullfont!
Missing character: There is no l in font nullfont!
Missing character: There is no p in font nullfont!
Missing character: There is no r in font nullfont!
Missing character: There is no o in font nullfont!
Missing character: There is no b in font nullfont!
Missing character: There is no l in font nullfont!
Missing character: There is no e in font nullfont!
Missing character: There is no m in font nullfont!
Missing character: There is no a in font nullfont!

Overfull \hbox (20.0pt too wide) in paragraph at lines 16--17
[]
 []


! LaTeX Error: Missing \begin{document}.

See the LaTeX manual or LaTeX Companion for explanation.
Type  H <return>  for immediate help.
 ...                                              
                                                  
l.18 F
      ormalmente el problema que este trabajo propone resolver es: dado un c...

You're in trouble here.  Try typing  <return>  to proceed.
If that doesn't work, type  X <return>  to quit.

Missing character: There is no F in font nullfont!
Missing character: There is no o in font nullfont!
Missing character: There is no r in font nullfont!
Missing character: There is no m in font nullfont!
Missing character: There is no a in font nullfont!
Missing character: There is no l in font nullfont!
Missing character: There is no m in font nullfont!
Missing character: There is no e in font nullfont!
Missing character: There is no n in font nullfont!
Missing character: There is no t in font nullfont!
Missing character: There is no e in font nullfont!
Missing character: There is no e in font nullfont!
Missing character: There is no l in font nullfont!
Missing character: There is no p in font nullfont!
Missing character: There is no r in font nullfont!
Missing character: There is no o in font nullfont!
Missing character: There is no b in font nullfont!
Missing character: There is no l in font nullfont!
Missing character: There is no e in font nullfont!
Missing character: There is no m in font nullfont!
Missing character: There is no a in font nullfont!
Missing character: There is no q in font nullfont!
Missing character: There is no u in font nullfont!
Missing character: There is no e in font nullfont!
Missing character: There is no e in font nullfont!
Missing character: There is no s in font nullfont!
Missing character: There is no t in font nullfont!
Missing character: There is no e in font nullfont!
Missing character: There is no t in font nullfont!
Missing character: There is no r in font nullfont!
Missing character: There is no a in font nullfont!
Missing character: There is no b in font nullfont!
Missing character: There is no a in font nullfont!
Missing character: There is no j in font nullfont!
Missing character: There is no o in font nullfont!
Missing character: There is no p in font nullfont!
Missing character: There is no r in font nullfont!
Missing character: There is no o in font nullfont!
Missing character: There is no p in font nullfont!
Missing character: There is no o in font nullfont!
Missing character: There is no n in font nullfont!
Missing character: There is no e in font nullfont!
Missing character: There is no r in font nullfont!
Missing character: There is no e in font nullfont!
Missing character: There is no s in font nullfont!
Missing character: There is no o in font nullfont!
Missing character: There is no l in font nullfont!
Missing character: There is no v in font nullfont!
Missing character: There is no e in font nullfont!
Missing character: There is no r in font nullfont!
Missing character: There is no e in font nullfont!
Missing character: There is no s in font nullfont!
Missing character: There is no : in font nullfont!
Missing character: There is no d in font nullfont!
Missing character: There is no a in font nullfont!
Missing character: There is no d in font nullfont!
Missing character: There is no o in font nullfont!
Missing character: There is no u in font nullfont!
Missing character: There is no n in font nullfont!
Missing character: There is no c in font nullfont!
Missing character: There is no o in font nullfont!
Missing character: There is no n in font nullfont!
Missing character: There is no j in font nullfont!
Missing character: There is no u in font nullfont!
Missing character: There is no n in font nullfont!
Missing character: There is no t in font nullfont!
Missing character: There is no o in font nullfont!
Missing character: There is no d in font nullfont!
Missing character: There is no e in font nullfont!
Missing character: There is no p in font nullfont!
Missing character: There is no r in font nullfont!
Missing character: There is no o in font nullfont!
Missing character: There is no y in font nullfont!
Missing character: There is no e in font nullfont!
Missing character: There is no c in font nullfont!
Missing character: There is no t in font nullfont!
Missing character: There is no o in font nullfont!
Missing character: There is no s in font nullfont!
Missing character: There is no c in font nullfont!
Missing character: There is no o in font nullfont!
Missing character: There is no m in font nullfont!
Missing character: There is no p in font nullfont!
Missing character: There is no u in font nullfont!
Missing character: There is no t in font nullfont!
Missing character: There is no a in font nullfont!
Missing character: There is no c in font nullfont!
Missing character: There is no i in font nullfont!
Missing character: There is no o in font nullfont!
Missing character: There is no n in font nullfont!
Missing character: There is no a in font nullfont!
Missing character: There is no l in font nullfont!
Missing character: There is no e in font nullfont!
Missing character: There is no s in font nullfont!
Missing character: There is no e in font nullfont!
Missing character: There is no n in font nullfont!
Missing character: There is no e in font nullfont!
Missing character: There is no l in font nullfont!
Missing character: There is no l in font nullfont!
Missing character: There is no e in font nullfont!
Missing character: There is no n in font nullfont!
Missing character: There is no g in font nullfont!
Missing character: There is no u in font nullfont!
Missing character: There is no a in font nullfont!
Missing character: There is no j in font nullfont!
Missing character: There is no e in font nullfont!
Missing character: There is no C in font nullfont!
Missing character: There is no # in font nullfont!
Missing character: There is no , in font nullfont!
Missing character: There is no e in font nullfont!
Missing character: There is no n in font nullfont!
Missing character: There is no c in font nullfont!
Missing character: There is no o in font nullfont!
Missing character: There is no n in font nullfont!
Missing character: There is no t in font nullfont!
Missing character: There is no r in font nullfont!
Missing character: There is no a in font nullfont!
Missing character: There is no r in font nullfont!
Missing character: There is no p in font nullfont!
Missing character: There is no a in font nullfont!
Missing character: There is no r in font nullfont!
Missing character: There is no e in font nullfont!
Missing character: There is no j in font nullfont!
Missing character: There is no a in font nullfont!
Missing character: There is no s in font nullfont!
Missing character: There is no d in font nullfont!
Missing character: There is no e in font nullfont!
Missing character: There is no √ in font nullfont!
Missing character: There is no © in font nullfont!
Missing character: There is no s in font nullfont!
Missing character: There is no t in font nullfont!
Missing character: There is no o in font nullfont!
Missing character: There is no s in font nullfont!
Missing character: There is no q in font nullfont!
Missing character: There is no u in font nullfont!
Missing character: There is no e in font nullfont!
Missing character: There is no s in font nullfont!
Missing character: There is no e in font nullfont!
Missing character: There is no a in font nullfont!
Missing character: There is no n in font nullfont!
Missing character: There is no s in font nullfont!
Missing character: There is no i in font nullfont!
Missing character: There is no m in font nullfont!
Missing character: There is no i in font nullfont!
Missing character: There is no l in font nullfont!
Missing character: There is no a in font nullfont!
Missing character: There is no r in font nullfont!
Missing character: There is no e in font nullfont!
Missing character: There is no s in font nullfont!
Missing character: There is no e in font nullfont!
Missing character: There is no n in font nullfont!
Missing character: There is no t in font nullfont!
Missing character: There is no r in font nullfont!
Missing character: There is no e in font nullfont!
Missing character: There is no s in font nullfont!
Missing character: There is no √ in font nullfont!
Missing character: There is no ≠ in font nullfont!
Missing character: There is no . in font nullfont!
Missing character: There is no E in font nullfont!
Missing character: There is no l in font nullfont!
Missing character: There is no √ in font nullfont!
Missing character: There is no ° in font nullfont!
Missing character: There is no m in font nullfont!
Missing character: There is no b in font nullfont!
Missing character: There is no i in font nullfont!
Missing character: There is no t in font nullfont!
Missing character: There is no o in font nullfont!
Missing character: There is no d in font nullfont!
Missing character: There is no e in font nullfont!
Missing character: There is no l in font nullfont!
Missing character: There is no p in font nullfont!
Missing character: There is no r in font nullfont!
Missing character: There is no o in font nullfont!
Missing character: There is no b in font nullfont!
Missing character: There is no l in font nullfont!
Missing character: There is no e in font nullfont!
Missing character: There is no m in font nullfont!
Missing character: There is no a in font nullfont!
Missing character: There is no e in font nullfont!
Missing character: There is no n in font nullfont!
Missing character: There is no e in font nullfont!
Missing character: There is no s in font nullfont!
Missing character: There is no t in font nullfont!
Missing character: There is no a in font nullfont!
Missing character: There is no i in font nullfont!
Missing character: There is no n in font nullfont!
Missing character: There is no v in font nullfont!
Missing character: There is no e in font nullfont!
Missing character: There is no s in font nullfont!
Missing character: There is no t in font nullfont!
Missing character: There is no i in font nullfont!
Missing character: There is no g in font nullfont!
Missing character: There is no a in font nullfont!
Missing character: There is no c in font nullfont!
Missing character: There is no i in font nullfont!
Missing character: There is no √ in font nullfont!
Missing character: There is no ≥ in font nullfont!
Missing character: There is no n in font nullfont!
Missing character: There is no s in font nullfont!
Missing character: There is no e in font nullfont!
Missing character: There is no e in font nullfont!
Missing character: There is no n in font nullfont!
Missing character: There is no c in font nullfont!
Missing character: There is no u in font nullfont!
Missing character: There is no e in font nullfont!
Missing character: There is no n in font nullfont!
Missing character: There is no t in font nullfont!
Missing character: There is no r in font nullfont!
Missing character: There is no a in font nullfont!
Missing character: There is no d in font nullfont!
Missing character: There is no e in font nullfont!
Missing character: There is no n in font nullfont!
Missing character: There is no t in font nullfont!
Missing character: There is no r in font nullfont!
Missing character: There is no o in font nullfont!
Missing character: There is no d in font nullfont!
Missing character: There is no e in font nullfont!
Missing character: There is no l in font nullfont!
Missing character: There is no d in font nullfont!
Missing character: There is no o in font nullfont!
Missing character: There is no m in font nullfont!
Missing character: There is no i in font nullfont!
Missing character: There is no n in font nullfont!
Missing character: There is no i in font nullfont!
Missing character: There is no o in font nullfont!
Missing character: There is no g in font nullfont!
Missing character: There is no e in font nullfont!
Missing character: There is no n in font nullfont!
Missing character: There is no e in font nullfont!
Missing character: There is no r in font nullfont!
Missing character: There is no a in font nullfont!
Missing character: There is no l in font nullfont!
Missing character: There is no d in font nullfont!
Missing character: There is no e in font nullfont!
Missing character: There is no l in font nullfont!
Missing character: There is no o in font nullfont!
Missing character: There is no s in font nullfont!
Missing character: There is no p in font nullfont!
Missing character: There is no r in font nullfont!
Missing character: There is no o in font nullfont!
Missing character: There is no b in font nullfont!
Missing character: There is no l in font nullfont!
Missing character: There is no e in font nullfont!
Missing character: There is no m in font nullfont!
Missing character: There is no a in font nullfont!
Missing character: There is no s in font nullfont!
Missing character: There is no d in font nullfont!
Missing character: There is no e in font nullfont!
Missing character: There is no I in font nullfont!
Missing character: There is no n in font nullfont!
Missing character: There is no t in font nullfont!
Missing character: There is no e in font nullfont!
Missing character: There is no l in font nullfont!
Missing character: There is no i in font nullfont!
Missing character: There is no g in font nullfont!
Missing character: There is no e in font nullfont!
Missing character: There is no n in font nullfont!
Missing character: There is no c in font nullfont!
Missing character: There is no i in font nullfont!
Missing character: There is no a in font nullfont!
Missing character: There is no A in font nullfont!
Missing character: There is no r in font nullfont!
Missing character: There is no t in font nullfont!
Missing character: There is no i in font nullfont!
Missing character: There is no f in font nullfont!
Missing character: There is no i in font nullfont!
Missing character: There is no c in font nullfont!
Missing character: There is no i in font nullfont!
Missing character: There is no a in font nullfont!
Missing character: There is no l in font nullfont!
Missing character: There is no , in font nullfont!
Missing character: There is no p in font nullfont!
Missing character: There is no a in font nullfont!
Missing character: There is no r in font nullfont!
Missing character: There is no t in font nullfont!
Missing character: There is no i in font nullfont!
Missing character: There is no c in font nullfont!
Missing character: There is no u in font nullfont!
Missing character: There is no l in font nullfont!
Missing character: There is no a in font nullfont!
Missing character: There is no r in font nullfont!
Missing character: There is no m in font nullfont!
Missing character: There is no e in font nullfont!
Missing character: There is no n in font nullfont!
Missing character: There is no t in font nullfont!
Missing character: There is no e in font nullfont!
Missing character: There is no e in font nullfont!
Missing character: There is no n in font nullfont!
Missing character: There is no l in font nullfont!
Missing character: There is no o in font nullfont!
Missing character: There is no s in font nullfont!
Missing character: There is no p in font nullfont!
Missing character: There is no r in font nullfont!
Missing character: There is no o in font nullfont!
Missing character: There is no c in font nullfont!
Missing character: There is no e in font nullfont!
Missing character: There is no s in font nullfont!
Missing character: There is no o in font nullfont!
Missing character: There is no s in font nullfont!
Missing character: There is no d in font nullfont!
Missing character: There is no e in font nullfont!
Missing character: There is no a in font nullfont!
Missing character: There is no n in font nullfont!
Missing character: There is no √ in font nullfont!
Missing character: There is no ° in font nullfont!
Missing character: There is no l in font nullfont!
Missing character: There is no i in font nullfont!
Missing character: There is no s in font nullfont!
Missing character: There is no i in font nullfont!
Missing character: There is no s in font nullfont!
Missing character: There is no d in font nullfont!
Missing character: There is no e in font nullfont!
Missing character: There is no s in font nullfont!
Missing character: There is no i in font nullfont!
Missing character: There is no m in font nullfont!
Missing character: There is no i in font nullfont!
Missing character: There is no l in font nullfont!
Missing character: There is no i in font nullfont!
Missing character: There is no t in font nullfont!
Missing character: There is no u in font nullfont!
Missing character: There is no d in font nullfont!
Missing character: There is no y in font nullfont!
Missing character: There is no d in font nullfont!
Missing character: There is no e in font nullfont!
Missing character: There is no t in font nullfont!
Missing character: There is no e in font nullfont!
Missing character: There is no c in font nullfont!
Missing character: There is no c in font nullfont!
Missing character: There is no i in font nullfont!
Missing character: There is no √ in font nullfont!
Missing character: There is no ≥ in font nullfont!
Missing character: There is no n in font nullfont!
Missing character: There is no d in font nullfont!
Missing character: There is no e in font nullfont!
Missing character: There is no p in font nullfont!
Missing character: There is no a in font nullfont!
Missing character: There is no t in font nullfont!
Missing character: There is no r in font nullfont!
Missing character: There is no o in font nullfont!
Missing character: There is no n in font nullfont!
Missing character: There is no e in font nullfont!
Missing character: There is no s in font nullfont!
Missing character: There is no e in font nullfont!
Missing character: There is no n in font nullfont!
Missing character: There is no c in font nullfont!
Missing character: There is no o in font nullfont!
Missing character: There is no n in font nullfont!
Missing character: There is no j in font nullfont!
Missing character: There is no u in font nullfont!
Missing character: There is no n in font nullfont!
Missing character: There is no t in font nullfont!
Missing character: There is no o in font nullfont!
Missing character: There is no s in font nullfont!
Missing character: There is no d in font nullfont!
Missing character: There is no e in font nullfont!
Missing character: There is no d in font nullfont!
Missing character: There is no a in font nullfont!
Missing character: There is no t in font nullfont!
Missing character: There is no o in font nullfont!
Missing character: There is no s in font nullfont!
Missing character: There is no e in font nullfont!
Missing character: There is no s in font nullfont!
Missing character: There is no t in font nullfont!
Missing character: There is no r in font nullfont!
Missing character: There is no u in font nullfont!
Missing character: There is no c in font nullfont!
Missing character: There is no t in font nullfont!
Missing character: There is no u in font nullfont!
Missing character: There is no r in font nullfont!
Missing character: There is no a in font nullfont!
Missing character: There is no d in font nullfont!
Missing character: There is no o in font nullfont!
Missing character: There is no s in font nullfont!
Missing character: There is no . in font nullfont!
Missing character: There is no E in font nullfont!
Missing character: There is no s in font nullfont!
Missing character: There is no t in font nullfont!
Missing character: There is no e in font nullfont!
Missing character: There is no p in font nullfont!
Missing character: There is no r in font nullfont!
Missing character: There is no o in font nullfont!
Missing character: There is no b in font nullfont!
Missing character: There is no l in font nullfont!
Missing character: There is no e in font nullfont!
Missing character: There is no m in font nullfont!
Missing character: There is no a in font nullfont!
Missing character: There is no e in font nullfont!
Missing character: There is no s in font nullfont!
Missing character: There is no r in font nullfont!
Missing character: There is no e in font nullfont!
Missing character: There is no l in font nullfont!
Missing character: There is no e in font nullfont!
Missing character: There is no v in font nullfont!
Missing character: There is no a in font nullfont!
Missing character: There is no n in font nullfont!
Missing character: There is no t in font nullfont!
Missing character: There is no e in font nullfont!
Missing character: There is no e in font nullfont!
Missing character: There is no n in font nullfont!
Missing character: There is no m in font nullfont!
Missing character: There is no √ in font nullfont!
Missing character: There is no ∫ in font nullfont!
Missing character: There is no l in font nullfont!
Missing character: There is no t in font nullfont!
Missing character: There is no i in font nullfont!
Missing character: There is no p in font nullfont!
Missing character: There is no l in font nullfont!
Missing character: There is no e in font nullfont!
Missing character: There is no s in font nullfont!
Missing character: There is no √ in font nullfont!
Missing character: There is no ° in font nullfont!
Missing character: There is no r in font nullfont!
Missing character: There is no e in font nullfont!
Missing character: There is no a in font nullfont!
Missing character: There is no s in font nullfont!
Missing character: There is no , in font nullfont!
Missing character: There is no c in font nullfont!
Missing character: There is no o in font nullfont!
Missing character: There is no m in font nullfont!
Missing character: There is no o in font nullfont!
Missing character: There is no l in font nullfont!
Missing character: There is no a in font nullfont!
Missing character: There is no d in font nullfont!
Missing character: There is no e in font nullfont!
Missing character: There is no t in font nullfont!
Missing character: There is no e in font nullfont!
Missing character: There is no c in font nullfont!
Missing character: There is no c in font nullfont!
Missing character: There is no i in font nullfont!
Missing character: There is no √ in font nullfont!
Missing character: There is no ≥ in font nullfont!
Missing character: There is no n in font nullfont!
Missing character: There is no d in font nullfont!
Missing character: There is no e in font nullfont!
Missing character: There is no p in font nullfont!
Missing character: There is no l in font nullfont!
Missing character: There is no a in font nullfont!
Missing character: There is no g in font nullfont!
Missing character: There is no i in font nullfont!
Missing character: There is no o in font nullfont!
Missing character: There is no s in font nullfont!
Missing character: There is no e in font nullfont!
Missing character: There is no n in font nullfont!
Missing character: There is no c in font nullfont!
Missing character: There is no √ in font nullfont!
Missing character: There is no ≥ in font nullfont!
Missing character: There is no d in font nullfont!
Missing character: There is no i in font nullfont!
Missing character: There is no g in font nullfont!
Missing character: There is no o in font nullfont!
Missing character: There is no f in font nullfont!
Missing character: There is no u in font nullfont!
Missing character: There is no e in font nullfont!
Missing character: There is no n in font nullfont!
Missing character: There is no t in font nullfont!
Missing character: There is no e in font nullfont!
Missing character: There is no , in font nullfont!
Missing character: There is no l in font nullfont!
Missing character: There is no a in font nullfont!
Missing character: There is no r in font nullfont!
Missing character: There is no e in font nullfont!
Missing character: There is no f in font nullfont!
Missing character: There is no a in font nullfont!
Missing character: There is no c in font nullfont!
Missing character: There is no t in font nullfont!
Missing character: There is no o in font nullfont!
Missing character: There is no r in font nullfont!
Missing character: There is no i in font nullfont!
Missing character: There is no z in font nullfont!
Missing character: There is no a in font nullfont!
Missing character: There is no c in font nullfont!
Missing character: There is no i in font nullfont!
Missing character: There is no √ in font nullfont!
Missing character: There is no ≥ in font nullfont!
Missing character: There is no n in font nullfont!
Missing character: There is no d in font nullfont!
Missing character: There is no e in font nullfont!
Missing character: There is no , in font nullfont!
Missing character: There is no l in font nullfont!
Missing character: There is no a in font nullfont!
Missing character: There is no o in font nullfont!
Missing character: There is no p in font nullfont!
Missing character: There is no t in font nullfont!
Missing character: There is no i in font nullfont!
Missing character: There is no m in font nullfont!
Missing character: There is no i in font nullfont!
Missing character: There is no z in font nullfont!
Missing character: There is no a in font nullfont!
Missing character: There is no c in font nullfont!
Missing character: There is no i in font nullfont!
Missing character: There is no √ in font nullfont!
Missing character: There is no ≥ in font nullfont!
Missing character: There is no n in font nullfont!
Missing character: There is no d in font nullfont!
Missing character: There is no e in font nullfont!
Missing character: There is no b in font nullfont!
Missing character: There is no a in font nullfont!
Missing character: There is no s in font nullfont!
Missing character: There is no e in font nullfont!
Missing character: There is no s in font nullfont!
Missing character: There is no d in font nullfont!
Missing character: There is no e in font nullfont!
Missing character: There is no c in font nullfont!
Missing character: There is no √ in font nullfont!
Missing character: There is no ≥ in font nullfont!
Missing character: There is no d in font nullfont!
Missing character: There is no i in font nullfont!
Missing character: There is no g in font nullfont!
Missing character: There is no o in font nullfont!
Missing character: There is no y in font nullfont!
Missing character: There is no l in font nullfont!
Missing character: There is no a in font nullfont!
Missing character: There is no i in font nullfont!
Missing character: There is no d in font nullfont!
Missing character: There is no e in font nullfont!
Missing character: There is no n in font nullfont!
Missing character: There is no t in font nullfont!
Missing character: There is no i in font nullfont!
Missing character: There is no f in font nullfont!
Missing character: There is no i in font nullfont!
Missing character: There is no c in font nullfont!
Missing character: There is no a in font nullfont!
Missing character: There is no c in font nullfont!
Missing character: There is no i in font nullfont!
Missing character: There is no √ in font nullfont!
Missing character: There is no ≥ in font nullfont!
Missing character: There is no n in font nullfont!
Missing character: There is no d in font nullfont!
Missing character: There is no e in font nullfont!
Missing character: There is no r in font nullfont!
Missing character: There is no e in font nullfont!
Missing character: There is no d in font nullfont!
Missing character: There is no u in font nullfont!
Missing character: There is no n in font nullfont!
Missing character: There is no d in font nullfont!
Missing character: There is no a in font nullfont!
Missing character: There is no n in font nullfont!
Missing character: There is no c in font nullfont!
Missing character: There is no i in font nullfont!
Missing character: There is no a in font nullfont!
Missing character: There is no s in font nullfont!
Missing character: There is no e in font nullfont!
Missing character: There is no n in font nullfont!
Missing character: There is no s in font nullfont!
Missing character: There is no i in font nullfont!
Missing character: There is no s in font nullfont!
Missing character: There is no t in font nullfont!
Missing character: There is no e in font nullfont!
Missing character: There is no m in font nullfont!
Missing character: There is no a in font nullfont!
Missing character: There is no s in font nullfont!
Missing character: There is no d in font nullfont!
Missing character: There is no e in font nullfont!
Missing character: There is no d in font nullfont!
Missing character: There is no e in font nullfont!
Missing character: There is no s in font nullfont!
Missing character: There is no a in font nullfont!
Missing character: There is no r in font nullfont!
Missing character: There is no r in font nullfont!
Missing character: There is no o in font nullfont!
Missing character: There is no l in font nullfont!
Missing character: There is no l in font nullfont!
Missing character: There is no o in font nullfont!
Missing character: There is no c in font nullfont!
Missing character: There is no o in font nullfont!
Missing character: There is no l in font nullfont!
Missing character: There is no a in font nullfont!
Missing character: There is no b in font nullfont!
Missing character: There is no o in font nullfont!
Missing character: There is no r in font nullfont!
Missing character: There is no a in font nullfont!
Missing character: There is no t in font nullfont!
Missing character: There is no i in font nullfont!
Missing character: There is no v in font nullfont!
Missing character: There is no o in font nullfont!
Missing character: There is no . in font nullfont!

Overfull \hbox (20.0pt too wide) in paragraph at lines 18--19
[]
 []


Overfull \hbox (19.16653pt too wide) in paragraph at lines 18--19
\OT1/cmr/m/it/10 soft-
 []


Overfull \hbox (20.06096pt too wide) in paragraph at lines 18--19
\OT1/cmr/m/it/10 ware
 []

! Undefined control sequence.
l.20 \section
             *{Hip√≥tesis}
The control sequence at the end of the top line
of your error message was never \def'ed. If you have
misspelled it (e.g., `\hobx'), type `I' and the correct
spelling (e.g., `I\hbox'). Otherwise just continue,
and I'll forget about whatever was undefined.


! LaTeX Error: Missing \begin{document}.

See the LaTeX manual or LaTeX Companion for explanation.
Type  H <return>  for immediate help.
 ...                                              
                                                  
l.20 \section*
              {Hip√≥tesis}
You're in trouble here.  Try typing  <return>  to proceed.
If that doesn't work, type  X <return>  to quit.

Missing character: There is no * in font nullfont!
Missing character: There is no H in font nullfont!
Missing character: There is no i in font nullfont!
Missing character: There is no p in font nullfont!
Missing character: There is no √ in font nullfont!
Missing character: There is no ≥ in font nullfont!
Missing character: There is no t in font nullfont!
Missing character: There is no e in font nullfont!
Missing character: There is no s in font nullfont!
Missing character: There is no i in font nullfont!
Missing character: There is no s in font nullfont!

Overfull \hbox (20.0pt too wide) in paragraph at lines 20--21
[] 
 []


! LaTeX Error: Missing \begin{document}.

See the LaTeX manual or LaTeX Companion for explanation.
Type  H <return>  for immediate help.
 ...                                              
                                                  
l.22 D
      ado que se tiene un conjunto de proyectos de la asignatura de programa...

You're in trouble here.  Try typing  <return>  to proceed.
If that doesn't work, type  X <return>  to quit.

Missing character: There is no D in font nullfont!
Missing character: There is no a in font nullfont!
Missing character: There is no d in font nullfont!
Missing character: There is no o in font nullfont!
Missing character: There is no q in font nullfont!
Missing character: There is no u in font nullfont!
Missing character: There is no e in font nullfont!
Missing character: There is no s in font nullfont!
Missing character: There is no e in font nullfont!
Missing character: There is no t in font nullfont!
Missing character: There is no i in font nullfont!
Missing character: There is no e in font nullfont!
Missing character: There is no n in font nullfont!
Missing character: There is no e in font nullfont!
Missing character: There is no u in font nullfont!
Missing character: There is no n in font nullfont!
Missing character: There is no c in font nullfont!
Missing character: There is no o in font nullfont!
Missing character: There is no n in font nullfont!
Missing character: There is no j in font nullfont!
Missing character: There is no u in font nullfont!
Missing character: There is no n in font nullfont!
Missing character: There is no t in font nullfont!
Missing character: There is no o in font nullfont!
Missing character: There is no d in font nullfont!
Missing character: There is no e in font nullfont!
Missing character: There is no p in font nullfont!
Missing character: There is no r in font nullfont!
Missing character: There is no o in font nullfont!
Missing character: There is no y in font nullfont!
Missing character: There is no e in font nullfont!
Missing character: There is no c in font nullfont!
Missing character: There is no t in font nullfont!
Missing character: There is no o in font nullfont!
Missing character: There is no s in font nullfont!
Missing character: There is no d in font nullfont!
Missing character: There is no e in font nullfont!
Missing character: There is no l in font nullfont!
Missing character: There is no a in font nullfont!
Missing character: There is no a in font nullfont!
Missing character: There is no s in font nullfont!
Missing character: There is no i in font nullfont!
Missing character: There is no g in font nullfont!
Missing character: There is no n in font nullfont!
Missing character: There is no a in font nullfont!
Missing character: There is no t in font nullfont!
Missing character: There is no u in font nullfont!
Missing character: There is no r in font nullfont!
Missing character: There is no a in font nullfont!
Missing character: There is no d in font nullfont!
Missing character: There is no e in font nullfont!
Missing character: There is no p in font nullfont!
Missing character: There is no r in font nullfont!
Missing character: There is no o in font nullfont!
Missing character: There is no g in font nullfont!
Missing character: There is no r in font nullfont!
Missing character: There is no a in font nullfont!
Missing character: There is no m in font nullfont!
Missing character: There is no a in font nullfont!
Missing character: There is no c in font nullfont!
Missing character: There is no i in font nullfont!
Missing character: There is no √ in font nullfont!
Missing character: There is no ≥ in font nullfont!
Missing character: There is no n in font nullfont!
Missing character: There is no e in font nullfont!
Missing character: There is no n in font nullfont!
Missing character: There is no l in font nullfont!
Missing character: There is no e in font nullfont!
Missing character: There is no n in font nullfont!
Missing character: There is no g in font nullfont!
Missing character: There is no u in font nullfont!
Missing character: There is no a in font nullfont!
Missing character: There is no j in font nullfont!
Missing character: There is no e in font nullfont!
Missing character: There is no C in font nullfont!
Missing character: There is no # in font nullfont!
Missing character: There is no , in font nullfont!
Missing character: There is no e in font nullfont!
Missing character: There is no n in font nullfont!
Missing character: There is no t in font nullfont!
Missing character: There is no o in font nullfont!
Missing character: There is no n in font nullfont!
Missing character: There is no c in font nullfont!
Missing character: There is no e in font nullfont!
Missing character: There is no s in font nullfont!
Missing character: There is no r in font nullfont!
Missing character: There is no e in font nullfont!
Missing character: There is no s in font nullfont!
Missing character: There is no u in font nullfont!
Missing character: There is no l in font nullfont!
Missing character: There is no t in font nullfont!
Missing character: There is no a in font nullfont!
Missing character: There is no r in font nullfont!
Missing character: There is no √ in font nullfont!
Missing character: There is no ≠ in font nullfont!
Missing character: There is no a in font nullfont!
Missing character: There is no √ in font nullfont!
Missing character: There is no ∫ in font nullfont!
Missing character: There is no t in font nullfont!
Missing character: There is no i in font nullfont!
Missing character: There is no l in font nullfont!
Missing character: There is no , in font nullfont!
Missing character: There is no p in font nullfont!
Missing character: There is no a in font nullfont!
Missing character: There is no r in font nullfont!
Missing character: There is no a in font nullfont!
Missing character: There is no l in font nullfont!
Missing character: There is no o in font nullfont!
Missing character: There is no s in font nullfont!
Missing character: There is no p in font nullfont!
Missing character: There is no r in font nullfont!
Missing character: There is no o in font nullfont!
Missing character: There is no f in font nullfont!
Missing character: There is no e in font nullfont!
Missing character: There is no s in font nullfont!
Missing character: There is no o in font nullfont!
Missing character: There is no r in font nullfont!
Missing character: There is no e in font nullfont!
Missing character: There is no s in font nullfont!
Missing character: There is no q in font nullfont!
Missing character: There is no u in font nullfont!
Missing character: There is no e in font nullfont!
Missing character: There is no e in font nullfont!
Missing character: There is no v in font nullfont!
Missing character: There is no a in font nullfont!
Missing character: There is no l in font nullfont!
Missing character: There is no √ in font nullfont!
Missing character: There is no ∫ in font nullfont!
Missing character: There is no a in font nullfont!
Missing character: There is no n in font nullfont!
Missing character: There is no e in font nullfont!
Missing character: There is no s in font nullfont!
Missing character: There is no t in font nullfont!
Missing character: There is no a in font nullfont!
Missing character: There is no a in font nullfont!
Missing character: There is no s in font nullfont!
Missing character: There is no i in font nullfont!
Missing character: There is no g in font nullfont!
Missing character: There is no n in font nullfont!
Missing character: There is no a in font nullfont!
Missing character: There is no t in font nullfont!
Missing character: There is no u in font nullfont!
Missing character: There is no r in font nullfont!
Missing character: There is no a in font nullfont!
Missing character: There is no , in font nullfont!
Missing character: There is no t in font nullfont!
Missing character: There is no e in font nullfont!
Missing character: There is no n in font nullfont!
Missing character: There is no e in font nullfont!
Missing character: There is no r in font nullfont!
Missing character: There is no u in font nullfont!
Missing character: There is no n in font nullfont!
Missing character: There is no s in font nullfont!
Missing character: There is no o in font nullfont!
Missing character: There is no f in font nullfont!
Missing character: There is no t in font nullfont!
Missing character: There is no w in font nullfont!
Missing character: There is no a in font nullfont!
Missing character: There is no r in font nullfont!
Missing character: There is no e in font nullfont!
Missing character: There is no c in font nullfont!
Missing character: There is no a in font nullfont!
Missing character: There is no p in font nullfont!
Missing character: There is no a in font nullfont!
Missing character: There is no z in font nullfont!
Missing character: There is no d in font nullfont!
Missing character: There is no e in font nullfont!
Missing character: There is no p in font nullfont!
Missing character: There is no o in font nullfont!
Missing character: There is no r in font nullfont!
Missing character: There is no c in font nullfont!
Missing character: There is no a in font nullfont!
Missing character: There is no d in font nullfont!
Missing character: There is no a in font nullfont!
Missing character: There is no p in font nullfont!
Missing character: There is no a in font nullfont!
Missing character: There is no r in font nullfont!
Missing character: There is no e in font nullfont!
Missing character: There is no j in font nullfont!
Missing character: There is no a in font nullfont!
Missing character: There is no d in font nullfont!
Missing character: There is no e in font nullfont!
Missing character: There is no p in font nullfont!
Missing character: There is no r in font nullfont!
Missing character: There is no o in font nullfont!
Missing character: There is no y in font nullfont!
Missing character: There is no e in font nullfont!
Missing character: There is no c in font nullfont!
Missing character: There is no t in font nullfont!
Missing character: There is no o in font nullfont!
Missing character: There is no s in font nullfont!
Missing character: There is no d in font nullfont!
Missing character: There is no o in font nullfont!
Missing character: There is no s in font nullfont!
Missing character: There is no a in font nullfont!
Missing character: There is no d in font nullfont!
Missing character: There is no o in font nullfont!
Missing character: There is no s in font nullfont!
Missing character: There is no , in font nullfont!
Missing character: There is no e in font nullfont!
Missing character: There is no x in font nullfont!
Missing character: There is no t in font nullfont!
Missing character: There is no r in font nullfont!
Missing character: There is no a in font nullfont!
Missing character: There is no e in font nullfont!
Missing character: There is no r in font nullfont!
Missing character: There is no s in font nullfont!
Missing character: There is no u in font nullfont!
Missing character: There is no s in font nullfont!
Missing character: There is no r in font nullfont!
Missing character: There is no e in font nullfont!
Missing character: There is no s in font nullfont!
Missing character: There is no p in font nullfont!
Missing character: There is no e in font nullfont!
Missing character: There is no c in font nullfont!
Missing character: There is no t in font nullfont!
Missing character: There is no i in font nullfont!
Missing character: There is no v in font nullfont!
Missing character: There is no o in font nullfont!
Missing character: There is no s in font nullfont!
Missing character: There is no A in font nullfont!
Missing character: There is no S in font nullfont!
Missing character: There is no T in font nullfont!
Missing character: There is no , in font nullfont!
Missing character: There is no c in font nullfont!
Missing character: There is no o in font nullfont!
Missing character: There is no m in font nullfont!
Missing character: There is no p in font nullfont!
Missing character: There is no a in font nullfont!
Missing character: There is no r in font nullfont!
Missing character: There is no a in font nullfont!
Missing character: There is no r in font nullfont!
Missing character: There is no l in font nullfont!
Missing character: There is no o in font nullfont!
Missing character: There is no s in font nullfont!
Missing character: There is no , in font nullfont!
Missing character: There is no y in font nullfont!
Missing character: There is no c in font nullfont!
Missing character: There is no l in font nullfont!
Missing character: There is no a in font nullfont!
Missing character: There is no s in font nullfont!
Missing character: There is no i in font nullfont!
Missing character: There is no f in font nullfont!
Missing character: There is no i in font nullfont!
Missing character: There is no c in font nullfont!
Missing character: There is no a in font nullfont!
Missing character: There is no r in font nullfont!
Missing character: There is no l in font nullfont!
Missing character: There is no o in font nullfont!
Missing character: There is no s in font nullfont!
Missing character: There is no d in font nullfont!
Missing character: There is no e in font nullfont!
Missing character: There is no a in font nullfont!
Missing character: There is no c in font nullfont!
Missing character: There is no u in font nullfont!
Missing character: There is no e in font nullfont!
Missing character: There is no r in font nullfont!
Missing character: There is no d in font nullfont!
Missing character: There is no o in font nullfont!
Missing character: There is no a in font nullfont!
Missing character: There is no s in font nullfont!
Missing character: There is no u in font nullfont!
Missing character: There is no s in font nullfont!
Missing character: There is no i in font nullfont!
Missing character: There is no m in font nullfont!
Missing character: There is no i in font nullfont!
Missing character: There is no l in font nullfont!
Missing character: There is no i in font nullfont!
Missing character: There is no t in font nullfont!
Missing character: There is no u in font nullfont!
Missing character: There is no d in font nullfont!
Missing character: There is no p in font nullfont!
Missing character: There is no a in font nullfont!
Missing character: There is no r in font nullfont!
Missing character: There is no a in font nullfont!
Missing character: There is no d in font nullfont!
Missing character: There is no e in font nullfont!
Missing character: There is no s in font nullfont!
Missing character: There is no c in font nullfont!
Missing character: There is no u in font nullfont!
Missing character: There is no b in font nullfont!
Missing character: There is no r in font nullfont!
Missing character: There is no i in font nullfont!
Missing character: There is no r in font nullfont!
Missing character: There is no p in font nullfont!
Missing character: There is no o in font nullfont!
Missing character: There is no s in font nullfont!
Missing character: There is no i in font nullfont!
Missing character: There is no b in font nullfont!
Missing character: There is no l in font nullfont!
Missing character: There is no e in font nullfont!
Missing character: There is no s in font nullfont!
Missing character: There is no f in font nullfont!
Missing character: There is no r in font nullfont!
Missing character: There is no a in font nullfont!
Missing character: There is no u in font nullfont!
Missing character: There is no d in font nullfont!
Missing character: There is no e in font nullfont!
Missing character: There is no s in font nullfont!
Missing character: There is no . in font nullfont!

Overfull \hbox (20.0pt too wide) in paragraph at lines 22--23
[]
 []

! Undefined control sequence.
l.24 \section
             *{Objetivo General}
The control sequence at the end of the top line
of your error message was never \def'ed. If you have
misspelled it (e.g., `\hobx'), type `I' and the correct
spelling (e.g., `I\hbox'). Otherwise just continue,
and I'll forget about whatever was undefined.


! LaTeX Error: Missing \begin{document}.

See the LaTeX manual or LaTeX Companion for explanation.
Type  H <return>  for immediate help.
 ...                                              
                                                  
l.24 \section*
              {Objetivo General}
You're in trouble here.  Try typing  <return>  to proceed.
If that doesn't work, type  X <return>  to quit.

Missing character: There is no * in font nullfont!
Missing character: There is no O in font nullfont!
Missing character: There is no b in font nullfont!
Missing character: There is no j in font nullfont!
Missing character: There is no e in font nullfont!
Missing character: There is no t in font nullfont!
Missing character: There is no i in font nullfont!
Missing character: There is no v in font nullfont!
Missing character: There is no o in font nullfont!
Missing character: There is no G in font nullfont!
Missing character: There is no e in font nullfont!
Missing character: There is no n in font nullfont!
Missing character: There is no e in font nullfont!
Missing character: There is no r in font nullfont!
Missing character: There is no a in font nullfont!
Missing character: There is no l in font nullfont!

Overfull \hbox (20.0pt too wide) in paragraph at lines 24--25
[]
 []


! LaTeX Error: Missing \begin{document}.

See the LaTeX manual or LaTeX Companion for explanation.
Type  H <return>  for immediate help.
 ...                                              
                                                  
l.26 E
      l objetivo general de este trabajo de investigaci√≥n es desarrollar un...

You're in trouble here.  Try typing  <return>  to proceed.
If that doesn't work, type  X <return>  to quit.

Missing character: There is no E in font nullfont!
Missing character: There is no l in font nullfont!
Missing character: There is no o in font nullfont!
Missing character: There is no b in font nullfont!
Missing character: There is no j in font nullfont!
Missing character: There is no e in font nullfont!
Missing character: There is no t in font nullfont!
Missing character: There is no i in font nullfont!
Missing character: There is no v in font nullfont!
Missing character: There is no o in font nullfont!
Missing character: There is no g in font nullfont!
Missing character: There is no e in font nullfont!
Missing character: There is no n in font nullfont!
Missing character: There is no e in font nullfont!
Missing character: There is no r in font nullfont!
Missing character: There is no a in font nullfont!
Missing character: There is no l in font nullfont!
Missing character: There is no d in font nullfont!
Missing character: There is no e in font nullfont!
Missing character: There is no e in font nullfont!
Missing character: There is no s in font nullfont!
Missing character: There is no t in font nullfont!
Missing character: There is no e in font nullfont!
Missing character: There is no t in font nullfont!
Missing character: There is no r in font nullfont!
Missing character: There is no a in font nullfont!
Missing character: There is no b in font nullfont!
Missing character: There is no a in font nullfont!
Missing character: There is no j in font nullfont!
Missing character: There is no o in font nullfont!
Missing character: There is no d in font nullfont!
Missing character: There is no e in font nullfont!
Missing character: There is no i in font nullfont!
Missing character: There is no n in font nullfont!
Missing character: There is no v in font nullfont!
Missing character: There is no e in font nullfont!
Missing character: There is no s in font nullfont!
Missing character: There is no t in font nullfont!
Missing character: There is no i in font nullfont!
Missing character: There is no g in font nullfont!
Missing character: There is no a in font nullfont!
Missing character: There is no c in font nullfont!
Missing character: There is no i in font nullfont!
Missing character: There is no √ in font nullfont!
Missing character: There is no ≥ in font nullfont!
Missing character: There is no n in font nullfont!
Missing character: There is no e in font nullfont!
Missing character: There is no s in font nullfont!
Missing character: There is no d in font nullfont!
Missing character: There is no e in font nullfont!
Missing character: There is no s in font nullfont!
Missing character: There is no a in font nullfont!
Missing character: There is no r in font nullfont!
Missing character: There is no r in font nullfont!
Missing character: There is no o in font nullfont!
Missing character: There is no l in font nullfont!
Missing character: There is no l in font nullfont!
Missing character: There is no a in font nullfont!
Missing character: There is no r in font nullfont!
Missing character: There is no u in font nullfont!
Missing character: There is no n in font nullfont!
Missing character: There is no m in font nullfont!
Missing character: There is no a in font nullfont!
Missing character: There is no r in font nullfont!
Missing character: There is no c in font nullfont!
Missing character: There is no o in font nullfont!
Missing character: There is no t in font nullfont!
Missing character: There is no e in font nullfont!
Missing character: There is no √ in font nullfont!
Missing character: There is no ≥ in font nullfont!
Missing character: There is no r in font nullfont!
Missing character: There is no i in font nullfont!
Missing character: There is no c in font nullfont!
Missing character: There is no o in font nullfont!
Missing character: There is no p in font nullfont!
Missing character: There is no a in font nullfont!
Missing character: There is no r in font nullfont!
Missing character: There is no a in font nullfont!
Missing character: There is no e in font nullfont!
Missing character: There is no l in font nullfont!
Missing character: There is no a in font nullfont!
Missing character: There is no n in font nullfont!
Missing character: There is no √ in font nullfont!
Missing character: There is no ° in font nullfont!
Missing character: There is no l in font nullfont!
Missing character: There is no i in font nullfont!
Missing character: There is no s in font nullfont!
Missing character: There is no i in font nullfont!
Missing character: There is no s in font nullfont!
Missing character: There is no d in font nullfont!
Missing character: There is no e in font nullfont!
Missing character: There is no s in font nullfont!
Missing character: There is no i in font nullfont!
Missing character: There is no m in font nullfont!
Missing character: There is no i in font nullfont!
Missing character: There is no l in font nullfont!
Missing character: There is no i in font nullfont!
Missing character: There is no t in font nullfont!
Missing character: There is no u in font nullfont!
Missing character: There is no d in font nullfont!
Missing character: There is no d in font nullfont!
Missing character: There is no e in font nullfont!
Missing character: There is no c in font nullfont!
Missing character: There is no √ in font nullfont!
Missing character: There is no ≥ in font nullfont!
Missing character: There is no d in font nullfont!
Missing character: There is no i in font nullfont!
Missing character: There is no g in font nullfont!
Missing character: There is no o in font nullfont!
Missing character: There is no q in font nullfont!
Missing character: There is no u in font nullfont!
Missing character: There is no e in font nullfont!
Missing character: There is no c in font nullfont!
Missing character: There is no o in font nullfont!
Missing character: There is no m in font nullfont!
Missing character: There is no b in font nullfont!
Missing character: There is no i in font nullfont!
Missing character: There is no n in font nullfont!
Missing character: There is no e in font nullfont!
Missing character: There is no l in font nullfont!
Missing character: There is no a in font nullfont!
Missing character: There is no e in font nullfont!
Missing character: There is no x in font nullfont!
Missing character: There is no t in font nullfont!
Missing character: There is no r in font nullfont!
Missing character: There is no a in font nullfont!
Missing character: There is no c in font nullfont!
Missing character: There is no c in font nullfont!
Missing character: There is no i in font nullfont!
Missing character: There is no √ in font nullfont!
Missing character: There is no ≥ in font nullfont!
Missing character: There is no n in font nullfont!
Missing character: There is no d in font nullfont!
Missing character: There is no e in font nullfont!
Missing character: There is no c in font nullfont!
Missing character: There is no a in font nullfont!
Missing character: There is no r in font nullfont!
Missing character: There is no a in font nullfont!
Missing character: There is no c in font nullfont!
Missing character: There is no t in font nullfont!
Missing character: There is no e in font nullfont!
Missing character: There is no r in font nullfont!
Missing character: There is no √ in font nullfont!
Missing character: There is no ≠ in font nullfont!
Missing character: There is no s in font nullfont!
Missing character: There is no t in font nullfont!
Missing character: There is no i in font nullfont!
Missing character: There is no c in font nullfont!
Missing character: There is no a in font nullfont!
Missing character: There is no s in font nullfont!
Missing character: There is no m in font nullfont!
Missing character: There is no e in font nullfont!
Missing character: There is no d in font nullfont!
Missing character: There is no i in font nullfont!
Missing character: There is no a in font nullfont!
Missing character: There is no n in font nullfont!
Missing character: There is no t in font nullfont!
Missing character: There is no e in font nullfont!
Missing character: There is no √ in font nullfont!
Missing character: There is no ° in font nullfont!
Missing character: There is no r in font nullfont!
Missing character: There is no b in font nullfont!
Missing character: There is no o in font nullfont!
Missing character: There is no l in font nullfont!
Missing character: There is no e in font nullfont!
Missing character: There is no s in font nullfont!
Missing character: There is no d in font nullfont!
Missing character: There is no e in font nullfont!
Missing character: There is no s in font nullfont!
Missing character: There is no i in font nullfont!
Missing character: There is no n in font nullfont!
Missing character: There is no t in font nullfont!
Missing character: There is no a in font nullfont!
Missing character: There is no x in font nullfont!
Missing character: There is no i in font nullfont!
Missing character: There is no s in font nullfont!
Missing character: There is no a in font nullfont!
Missing character: There is no b in font nullfont!
Missing character: There is no s in font nullfont!
Missing character: There is no t in font nullfont!
Missing character: There is no r in font nullfont!
Missing character: There is no a in font nullfont!
Missing character: There is no c in font nullfont!
Missing character: There is no t in font nullfont!
Missing character: There is no a in font nullfont!
Missing character: There is no ( in font nullfont!
Missing character: There is no A in font nullfont!
Missing character: There is no S in font nullfont!
Missing character: There is no T in font nullfont!
Missing character: There is no ) in font nullfont!
Missing character: There is no c in font nullfont!
Missing character: There is no o in font nullfont!
Missing character: There is no n in font nullfont!
Missing character: There is no t in font nullfont!
Missing character: There is no √ in font nullfont!
Missing character: There is no © in font nullfont!
Missing character: There is no c in font nullfont!
Missing character: There is no n in font nullfont!
Missing character: There is no i in font nullfont!
Missing character: There is no c in font nullfont!
Missing character: There is no a in font nullfont!
Missing character: There is no s in font nullfont!
Missing character: There is no d in font nullfont!
Missing character: There is no e in font nullfont!
Missing character: There is no a in font nullfont!
Missing character: There is no p in font nullfont!
Missing character: There is no r in font nullfont!
Missing character: There is no e in font nullfont!
Missing character: There is no n in font nullfont!
Missing character: There is no d in font nullfont!
Missing character: There is no i in font nullfont!
Missing character: There is no z in font nullfont!
Missing character: There is no a in font nullfont!
Missing character: There is no j in font nullfont!
Missing character: There is no e in font nullfont!
Missing character: There is no a in font nullfont!
Missing character: There is no u in font nullfont!
Missing character: There is no t in font nullfont!
Missing character: There is no o in font nullfont!
Missing character: There is no m in font nullfont!
Missing character: There is no √ in font nullfont!
Missing character: There is no ° in font nullfont!
Missing character: There is no t in font nullfont!
Missing character: There is no i in font nullfont!
Missing character: There is no c in font nullfont!
Missing character: There is no o in font nullfont!
Missing character: There is no p in font nullfont!
Missing character: There is no a in font nullfont!
Missing character: There is no r in font nullfont!
Missing character: There is no a in font nullfont!
Missing character: There is no m in font nullfont!
Missing character: There is no e in font nullfont!
Missing character: There is no j in font nullfont!
Missing character: There is no o in font nullfont!
Missing character: There is no r in font nullfont!
Missing character: There is no a in font nullfont!
Missing character: There is no r in font nullfont!
Missing character: There is no l in font nullfont!
Missing character: There is no a in font nullfont!
Missing character: There is no p in font nullfont!
Missing character: There is no r in font nullfont!
Missing character: There is no e in font nullfont!
Missing character: There is no c in font nullfont!
Missing character: There is no i in font nullfont!
Missing character: There is no s in font nullfont!
Missing character: There is no i in font nullfont!
Missing character: There is no √ in font nullfont!
Missing character: There is no ≥ in font nullfont!
Missing character: There is no n in font nullfont!
Missing character: There is no y in font nullfont!
Missing character: There is no l in font nullfont!
Missing character: There is no a in font nullfont!
Missing character: There is no e in font nullfont!
Missing character: There is no f in font nullfont!
Missing character: There is no i in font nullfont!
Missing character: There is no c in font nullfont!
Missing character: There is no i in font nullfont!
Missing character: There is no e in font nullfont!
Missing character: There is no n in font nullfont!
Missing character: There is no c in font nullfont!
Missing character: There is no i in font nullfont!
Missing character: There is no a in font nullfont!
Missing character: There is no e in font nullfont!
Missing character: There is no n in font nullfont!
Missing character: There is no l in font nullfont!
Missing character: There is no a in font nullfont!
Missing character: There is no d in font nullfont!
Missing character: There is no e in font nullfont!
Missing character: There is no t in font nullfont!
Missing character: There is no e in font nullfont!
Missing character: There is no c in font nullfont!
Missing character: There is no c in font nullfont!
Missing character: There is no i in font nullfont!
Missing character: There is no √ in font nullfont!
Missing character: There is no ≥ in font nullfont!
Missing character: There is no n in font nullfont!
Missing character: There is no d in font nullfont!
Missing character: There is no e in font nullfont!
Missing character: There is no s in font nullfont!
Missing character: There is no i in font nullfont!
Missing character: There is no m in font nullfont!
Missing character: There is no i in font nullfont!
Missing character: There is no l in font nullfont!
Missing character: There is no i in font nullfont!
Missing character: There is no t in font nullfont!
Missing character: There is no u in font nullfont!
Missing character: There is no d in font nullfont!
Missing character: There is no e in font nullfont!
Missing character: There is no s in font nullfont!
Missing character: There is no d in font nullfont!
Missing character: There is no e in font nullfont!
Missing character: There is no c in font nullfont!
Missing character: There is no d in font nullfont!
Missing character: There is no i in font nullfont!
Missing character: There is no g in font nullfont!
Missing character: There is no o in font nullfont!
Missing character: There is no C in font nullfont!
Missing character: There is no # in font nullfont!
Missing character: There is no . in font nullfont!

Overfull \hbox (20.0pt too wide) in paragraph at lines 26--27
[]
 []


Overfull \hbox (5.00002pt too wide) in paragraph at lines 26--27
\/cmr/m/n/10 o
 []

! Undefined control sequence.
l.29 \section
             *{Objetivos Espec√≠ficos}
The control sequence at the end of the top line
of your error message was never \def'ed. If you have
misspelled it (e.g., `\hobx'), type `I' and the correct
spelling (e.g., `I\hbox'). Otherwise just continue,
and I'll forget about whatever was undefined.


! LaTeX Error: Missing \begin{document}.

See the LaTeX manual or LaTeX Companion for explanation.
Type  H <return>  for immediate help.
 ...                                              
                                                  
l.29 \section*
              {Objetivos Espec√≠ficos}
You're in trouble here.  Try typing  <return>  to proceed.
If that doesn't work, type  X <return>  to quit.

Missing character: There is no * in font nullfont!
Missing character: There is no O in font nullfont!
Missing character: There is no b in font nullfont!
Missing character: There is no j in font nullfont!
Missing character: There is no e in font nullfont!
Missing character: There is no t in font nullfont!
Missing character: There is no i in font nullfont!
Missing character: There is no v in font nullfont!
Missing character: There is no o in font nullfont!
Missing character: There is no s in font nullfont!
Missing character: There is no E in font nullfont!
Missing character: There is no s in font nullfont!
Missing character: There is no p in font nullfont!
Missing character: There is no e in font nullfont!
Missing character: There is no c in font nullfont!
Missing character: There is no √ in font nullfont!
Missing character: There is no ≠ in font nullfont!
Missing character: There is no f in font nullfont!
Missing character: There is no i in font nullfont!
Missing character: There is no c in font nullfont!
Missing character: There is no o in font nullfont!
Missing character: There is no s in font nullfont!

Overfull \hbox (20.0pt too wide) in paragraph at lines 29--30
[]
 []


! LaTeX Error: \labelenumi undefined.

See the LaTeX manual or LaTeX Companion for explanation.
Type  H <return>  for immediate help.
 ...                                              
                                                  
l.31 \renewcommand{\labelenumi}
                               {\Roman{enumi}.}
Try typing  <return>  to proceed.
If that doesn't work, type  X <return>  to quit.


! LaTeX Error: Missing \begin{document}.

See the LaTeX manual or LaTeX Companion for explanation.
Type  H <return>  for immediate help.
 ...                                              
                                                  
l.32 \begin{enumerate}
                      
You're in trouble here.  Try typing  <return>  to proceed.
If that doesn't work, type  X <return>  to quit.


Overfull \hbox (20.0pt too wide) in paragraph at lines 32--32
[] 
 []

Missing character: There is no I in font nullfont!
Missing character: There is no . in font nullfont!
! Undefined control sequence.
l.33 	\item {\bf
                 Extracci√≥n y Procesamiento de AST para la Comparaci√≥n de ...
The control sequence at the end of the top line
of your error message was never \def'ed. If you have
misspelled it (e.g., `\hobx'), type `I' and the correct
spelling (e.g., `I\hbox'). Otherwise just continue,
and I'll forget about whatever was undefined.

Missing character: There is no E in font nullfont!
Missing character: There is no x in font nullfont!
Missing character: There is no t in font nullfont!
Missing character: There is no r in font nullfont!
Missing character: There is no a in font nullfont!
Missing character: There is no c in font nullfont!
Missing character: There is no c in font nullfont!
Missing character: There is no i in font nullfont!
Missing character: There is no √ in font nullfont!
Missing character: There is no ≥ in font nullfont!
Missing character: There is no n in font nullfont!
Missing character: There is no y in font nullfont!
Missing character: There is no P in font nullfont!
Missing character: There is no r in font nullfont!
Missing character: There is no o in font nullfont!
Missing character: There is no c in font nullfont!
Missing character: There is no e in font nullfont!
Missing character: There is no s in font nullfont!
Missing character: There is no a in font nullfont!
Missing character: There is no m in font nullfont!
Missing character: There is no i in font nullfont!
Missing character: There is no e in font nullfont!
Missing character: There is no n in font nullfont!
Missing character: There is no t in font nullfont!
Missing character: There is no o in font nullfont!
Missing character: There is no d in font nullfont!
Missing character: There is no e in font nullfont!
Missing character: There is no A in font nullfont!
Missing character: There is no S in font nullfont!
Missing character: There is no T in font nullfont!
Missing character: There is no p in font nullfont!
Missing character: There is no a in font nullfont!
Missing character: There is no r in font nullfont!
Missing character: There is no a in font nullfont!
Missing character: There is no l in font nullfont!
Missing character: There is no a in font nullfont!
Missing character: There is no C in font nullfont!
Missing character: There is no o in font nullfont!
Missing character: There is no m in font nullfont!
Missing character: There is no p in font nullfont!
Missing character: There is no a in font nullfont!
Missing character: There is no r in font nullfont!
Missing character: There is no a in font nullfont!
Missing character: There is no c in font nullfont!
Missing character: There is no i in font nullfont!
Missing character: There is no √ in font nullfont!
Missing character: There is no ≥ in font nullfont!
Missing character: There is no n in font nullfont!
Missing character: There is no d in font nullfont!
Missing character: There is no e in font nullfont!
Missing character: There is no C in font nullfont!
Missing character: There is no √ in font nullfont!
Missing character: There is no ≥ in font nullfont!
Missing character: There is no d in font nullfont!
Missing character: There is no i in font nullfont!
Missing character: There is no g in font nullfont!
Missing character: There is no o in font nullfont!
Missing character: There is no D in font nullfont!
Missing character: There is no i in font nullfont!
Missing character: There is no s in font nullfont!
Missing character: There is no e in font nullfont!
Missing character: There is no √ in font nullfont!
Missing character: There is no ± in font nullfont!
Missing character: There is no a in font nullfont!
Missing character: There is no r in font nullfont!
Missing character: There is no e in font nullfont!
Missing character: There is no i in font nullfont!
Missing character: There is no m in font nullfont!
Missing character: There is no p in font nullfont!
Missing character: There is no l in font nullfont!
Missing character: There is no e in font nullfont!
Missing character: There is no m in font nullfont!
Missing character: There is no e in font nullfont!
Missing character: There is no n in font nullfont!
Missing character: There is no t in font nullfont!
Missing character: There is no a in font nullfont!
Missing character: There is no r in font nullfont!
Missing character: There is no u in font nullfont!
Missing character: There is no n in font nullfont!
Missing character: There is no s in font nullfont!
Missing character: There is no i in font nullfont!
Missing character: There is no s in font nullfont!
Missing character: There is no t in font nullfont!
Missing character: There is no e in font nullfont!
Missing character: There is no m in font nullfont!
Missing character: There is no a in font nullfont!
Missing character: There is no q in font nullfont!
Missing character: There is no u in font nullfont!
Missing character: There is no e in font nullfont!
Missing character: There is no u in font nullfont!
Missing character: There is no t in font nullfont!
Missing character: There is no i in font nullfont!
Missing character: There is no l in font nullfont!
Missing character: There is no i in font nullfont!
Missing character: There is no c in font nullfont!
Missing character: There is no e in font nullfont!
Missing character: There is no √ in font nullfont!
Missing character: There is no Å in font nullfont!
Missing character: There is no r in font nullfont!
Missing character: There is no b in font nullfont!
Missing character: There is no o in font nullfont!
Missing character: There is no l in font nullfont!
Missing character: There is no e in font nullfont!
Missing character: There is no s in font nullfont!
Missing character: There is no d in font nullfont!
Missing character: There is no e in font nullfont!
Missing character: There is no S in font nullfont!
Missing character: There is no i in font nullfont!
Missing character: There is no n in font nullfont!
Missing character: There is no t in font nullfont!
Missing character: There is no a in font nullfont!
Missing character: There is no x in font nullfont!
Missing character: There is no i in font nullfont!
Missing character: There is no s in font nullfont!
Missing character: There is no A in font nullfont!
Missing character: There is no b in font nullfont!
Missing character: There is no s in font nullfont!
Missing character: There is no t in font nullfont!
Missing character: There is no r in font nullfont!
Missing character: There is no a in font nullfont!
Missing character: There is no c in font nullfont!
Missing character: There is no t in font nullfont!
Missing character: There is no a in font nullfont!
Missing character: There is no ( in font nullfont!
Missing character: There is no A in font nullfont!
Missing character: There is no S in font nullfont!
Missing character: There is no T in font nullfont!
Missing character: There is no ) in font nullfont!
Missing character: There is no p in font nullfont!
Missing character: There is no a in font nullfont!
Missing character: There is no r in font nullfont!
Missing character: There is no a in font nullfont!
Missing character: There is no a in font nullfont!
Missing character: There is no n in font nullfont!
Missing character: There is no a in font nullfont!
Missing character: There is no l in font nullfont!
Missing character: There is no i in font nullfont!
Missing character: There is no z in font nullfont!
Missing character: There is no a in font nullfont!
Missing character: There is no r in font nullfont!
Missing character: There is no y in font nullfont!
Missing character: There is no c in font nullfont!
Missing character: There is no o in font nullfont!
Missing character: There is no m in font nullfont!
Missing character: There is no p in font nullfont!
Missing character: There is no a in font nullfont!
Missing character: There is no r in font nullfont!
Missing character: There is no a in font nullfont!
Missing character: There is no r in font nullfont!
Missing character: There is no c in font nullfont!
Missing character: There is no √ in font nullfont!
Missing character: There is no ≥ in font nullfont!
Missing character: There is no d in font nullfont!
Missing character: There is no i in font nullfont!
Missing character: There is no g in font nullfont!
Missing character: There is no o in font nullfont!
Missing character: There is no o in font nullfont!
Missing character: There is no p in font nullfont!
Missing character: There is no r in font nullfont!
Missing character: There is no o in font nullfont!
Missing character: There is no y in font nullfont!
Missing character: There is no e in font nullfont!
Missing character: There is no c in font nullfont!
Missing character: There is no t in font nullfont!
Missing character: There is no o in font nullfont!
Missing character: There is no s in font nullfont!
Missing character: There is no d in font nullfont!
Missing character: There is no e in font nullfont!
Missing character: There is no C in font nullfont!
Missing character: There is no # in font nullfont!
Missing character: There is no . in font nullfont!
Missing character: There is no I in font nullfont!
Missing character: There is no I in font nullfont!
Missing character: There is no . in font nullfont!
! Undefined control sequence.
l.36 	\item {\bf
                 Integrar T√©cnicas de Aprendizaje Autom√°tico para la Detec...
The control sequence at the end of the top line
of your error message was never \def'ed. If you have
misspelled it (e.g., `\hobx'), type `I' and the correct
spelling (e.g., `I\hbox'). Otherwise just continue,
and I'll forget about whatever was undefined.

Missing character: There is no I in font nullfont!
Missing character: There is no n in font nullfont!
Missing character: There is no t in font nullfont!
Missing character: There is no e in font nullfont!
Missing character: There is no g in font nullfont!
Missing character: There is no r in font nullfont!
Missing character: There is no a in font nullfont!
Missing character: There is no r in font nullfont!
Missing character: There is no T in font nullfont!
Missing character: There is no √ in font nullfont!
Missing character: There is no © in font nullfont!
Missing character: There is no c in font nullfont!
Missing character: There is no n in font nullfont!
Missing character: There is no i in font nullfont!
Missing character: There is no c in font nullfont!
Missing character: There is no a in font nullfont!
Missing character: There is no s in font nullfont!
Missing character: There is no d in font nullfont!
Missing character: There is no e in font nullfont!
Missing character: There is no A in font nullfont!
Missing character: There is no p in font nullfont!
Missing character: There is no r in font nullfont!
Missing character: There is no e in font nullfont!
Missing character: There is no n in font nullfont!
Missing character: There is no d in font nullfont!
Missing character: There is no i in font nullfont!
Missing character: There is no z in font nullfont!
Missing character: There is no a in font nullfont!
Missing character: There is no j in font nullfont!
Missing character: There is no e in font nullfont!
Missing character: There is no A in font nullfont!
Missing character: There is no u in font nullfont!
Missing character: There is no t in font nullfont!
Missing character: There is no o in font nullfont!
Missing character: There is no m in font nullfont!
Missing character: There is no √ in font nullfont!
Missing character: There is no ° in font nullfont!
Missing character: There is no t in font nullfont!
Missing character: There is no i in font nullfont!
Missing character: There is no c in font nullfont!
Missing character: There is no o in font nullfont!
Missing character: There is no p in font nullfont!
Missing character: There is no a in font nullfont!
Missing character: There is no r in font nullfont!
Missing character: There is no a in font nullfont!
Missing character: There is no l in font nullfont!
Missing character: There is no a in font nullfont!
Missing character: There is no D in font nullfont!
Missing character: There is no e in font nullfont!
Missing character: There is no t in font nullfont!
Missing character: There is no e in font nullfont!
Missing character: There is no c in font nullfont!
Missing character: There is no c in font nullfont!
Missing character: There is no i in font nullfont!
Missing character: There is no √ in font nullfont!
Missing character: There is no ≥ in font nullfont!
Missing character: There is no n in font nullfont!
Missing character: There is no d in font nullfont!
Missing character: There is no e in font nullfont!
Missing character: There is no S in font nullfont!
Missing character: There is no i in font nullfont!
Missing character: There is no m in font nullfont!
Missing character: There is no i in font nullfont!
Missing character: There is no l in font nullfont!
Missing character: There is no i in font nullfont!
Missing character: There is no t in font nullfont!
Missing character: There is no u in font nullfont!
Missing character: There is no d in font nullfont!
Missing character: There is no e in font nullfont!
Missing character: There is no s in font nullfont!
Missing character: There is no I in font nullfont!
Missing character: There is no n in font nullfont!
Missing character: There is no t in font nullfont!
Missing character: There is no e in font nullfont!
Missing character: There is no g in font nullfont!
Missing character: There is no r in font nullfont!
Missing character: There is no a in font nullfont!
Missing character: There is no r in font nullfont!
Missing character: There is no t in font nullfont!
Missing character: There is no √ in font nullfont!
Missing character: There is no © in font nullfont!
Missing character: There is no c in font nullfont!
Missing character: There is no n in font nullfont!
Missing character: There is no i in font nullfont!
Missing character: There is no c in font nullfont!
Missing character: There is no a in font nullfont!
Missing character: There is no s in font nullfont!
Missing character: There is no d in font nullfont!
Missing character: There is no e in font nullfont!
Missing character: There is no a in font nullfont!
Missing character: There is no p in font nullfont!
Missing character: There is no r in font nullfont!
Missing character: There is no e in font nullfont!
Missing character: There is no n in font nullfont!
Missing character: There is no d in font nullfont!
Missing character: There is no i in font nullfont!
Missing character: There is no z in font nullfont!
Missing character: There is no a in font nullfont!
Missing character: There is no j in font nullfont!
Missing character: There is no e in font nullfont!
Missing character: There is no a in font nullfont!
Missing character: There is no u in font nullfont!
Missing character: There is no t in font nullfont!
Missing character: There is no o in font nullfont!
Missing character: There is no m in font nullfont!
Missing character: There is no √ in font nullfont!
Missing character: There is no ° in font nullfont!
Missing character: There is no t in font nullfont!
Missing character: There is no i in font nullfont!
Missing character: There is no c in font nullfont!
Missing character: There is no o in font nullfont!
Missing character: There is no p in font nullfont!
Missing character: There is no a in font nullfont!
Missing character: There is no r in font nullfont!
Missing character: There is no a in font nullfont!
Missing character: There is no m in font nullfont!
Missing character: There is no e in font nullfont!
Missing character: There is no j in font nullfont!
Missing character: There is no o in font nullfont!
Missing character: There is no r in font nullfont!
Missing character: There is no a in font nullfont!
Missing character: There is no r in font nullfont!
Missing character: There is no l in font nullfont!
Missing character: There is no a in font nullfont!
Missing character: There is no d in font nullfont!
Missing character: There is no e in font nullfont!
Missing character: There is no t in font nullfont!
Missing character: There is no e in font nullfont!
Missing character: There is no c in font nullfont!
Missing character: There is no c in font nullfont!
Missing character: There is no i in font nullfont!
Missing character: There is no √ in font nullfont!
Missing character: There is no ≥ in font nullfont!
Missing character: There is no n in font nullfont!
Missing character: There is no d in font nullfont!
Missing character: There is no e in font nullfont!
Missing character: There is no s in font nullfont!
Missing character: There is no i in font nullfont!
Missing character: There is no m in font nullfont!
Missing character: There is no i in font nullfont!
Missing character: There is no l in font nullfont!
Missing character: There is no i in font nullfont!
Missing character: There is no t in font nullfont!
Missing character: There is no u in font nullfont!
Missing character: There is no d in font nullfont!
Missing character: There is no e in font nullfont!
Missing character: There is no s in font nullfont!
Missing character: There is no e in font nullfont!
Missing character: There is no n in font nullfont!
Missing character: There is no e in font nullfont!
Missing character: There is no l in font nullfont!
Missing character: There is no c in font nullfont!
Missing character: There is no √ in font nullfont!
Missing character: There is no ≥ in font nullfont!
Missing character: There is no d in font nullfont!
Missing character: There is no i in font nullfont!
Missing character: There is no g in font nullfont!
Missing character: There is no o in font nullfont!
Missing character: There is no . in font nullfont!
Missing character: There is no E in font nullfont!
Missing character: There is no n in font nullfont!
Missing character: There is no t in font nullfont!
Missing character: There is no r in font nullfont!
Missing character: There is no e in font nullfont!
Missing character: There is no n in font nullfont!
Missing character: There is no a in font nullfont!
Missing character: There is no r in font nullfont!
Missing character: There is no u in font nullfont!
Missing character: There is no n in font nullfont!
Missing character: There is no m in font nullfont!
Missing character: There is no o in font nullfont!
Missing character: There is no d in font nullfont!
Missing character: There is no e in font nullfont!
Missing character: There is no l in font nullfont!
Missing character: There is no o in font nullfont!
Missing character: There is no d in font nullfont!
Missing character: There is no e in font nullfont!
Missing character: There is no a in font nullfont!
Missing character: There is no p in font nullfont!
Missing character: There is no r in font nullfont!
Missing character: There is no e in font nullfont!
Missing character: There is no n in font nullfont!
Missing character: There is no d in font nullfont!
Missing character: There is no i in font nullfont!
Missing character: There is no z in font nullfont!
Missing character: There is no a in font nullfont!
Missing character: There is no j in font nullfont!
Missing character: There is no e in font nullfont!
Missing character: There is no s in font nullfont!
Missing character: There is no u in font nullfont!
Missing character: There is no p in font nullfont!
Missing character: There is no e in font nullfont!
Missing character: There is no r in font nullfont!
Missing character: There is no v in font nullfont!
Missing character: There is no i in font nullfont!
Missing character: There is no s in font nullfont!
Missing character: There is no a in font nullfont!
Missing character: There is no d in font nullfont!
Missing character: There is no o in font nullfont!
Missing character: There is no u in font nullfont!
Missing character: There is no t in font nullfont!
Missing character: There is no i in font nullfont!
Missing character: There is no l in font nullfont!
Missing character: There is no i in font nullfont!
Missing character: There is no z in font nullfont!
Missing character: There is no a in font nullfont!
Missing character: There is no n in font nullfont!
Missing character: There is no d in font nullfont!
Missing character: There is no o in font nullfont!
Missing character: There is no u in font nullfont!
Missing character: There is no n in font nullfont!
Missing character: There is no c in font nullfont!
Missing character: There is no o in font nullfont!
Missing character: There is no n in font nullfont!
Missing character: There is no j in font nullfont!
Missing character: There is no u in font nullfont!
Missing character: There is no n in font nullfont!
Missing character: There is no t in font nullfont!
Missing character: There is no o in font nullfont!
Missing character: There is no d in font nullfont!
Missing character: There is no e in font nullfont!
Missing character: There is no d in font nullfont!
Missing character: There is no a in font nullfont!
Missing character: There is no t in font nullfont!
Missing character: There is no o in font nullfont!
Missing character: There is no s in font nullfont!
Missing character: There is no c in font nullfont!
Missing character: There is no o in font nullfont!
Missing character: There is no n in font nullfont!
Missing character: There is no f in font nullfont!
Missing character: There is no o in font nullfont!
Missing character: There is no r in font nullfont!
Missing character: There is no m in font nullfont!
Missing character: There is no a in font nullfont!
Missing character: There is no d in font nullfont!
Missing character: There is no o in font nullfont!
Missing character: There is no p in font nullfont!
Missing character: There is no o in font nullfont!
Missing character: There is no r in font nullfont!
Missing character: There is no p in font nullfont!
Missing character: There is no r in font nullfont!
Missing character: There is no o in font nullfont!
Missing character: There is no y in font nullfont!
Missing character: There is no e in font nullfont!
Missing character: There is no c in font nullfont!
Missing character: There is no t in font nullfont!
Missing character: There is no o in font nullfont!
Missing character: There is no s in font nullfont!
Missing character: There is no d in font nullfont!
Missing character: There is no e in font nullfont!
Missing character: There is no C in font nullfont!
Missing character: There is no # in font nullfont!
Missing character: There is no . in font nullfont!
Missing character: There is no I in font nullfont!
Missing character: There is no I in font nullfont!
Missing character: There is no I in font nullfont!
Missing character: There is no . in font nullfont!
! Undefined control sequence.
l.39 	\item {\bf
                 Desarrollar y Validar una Herramienta Pr√°ctica} \\
The control sequence at the end of the top line
of your error message was never \def'ed. If you have
misspelled it (e.g., `\hobx'), type `I' and the correct
spelling (e.g., `I\hbox'). Otherwise just continue,
and I'll forget about whatever was undefined.

Missing character: There is no D in font nullfont!
Missing character: There is no e in font nullfont!
Missing character: There is no s in font nullfont!
Missing character: There is no a in font nullfont!
Missing character: There is no r in font nullfont!
Missing character: There is no r in font nullfont!
Missing character: There is no o in font nullfont!
Missing character: There is no l in font nullfont!
Missing character: There is no l in font nullfont!
Missing character: There is no a in font nullfont!
Missing character: There is no r in font nullfont!
Missing character: There is no y in font nullfont!
Missing character: There is no V in font nullfont!
Missing character: There is no a in font nullfont!
Missing character: There is no l in font nullfont!
Missing character: There is no i in font nullfont!
Missing character: There is no d in font nullfont!
Missing character: There is no a in font nullfont!
Missing character: There is no r in font nullfont!
Missing character: There is no u in font nullfont!
Missing character: There is no n in font nullfont!
Missing character: There is no a in font nullfont!
Missing character: There is no H in font nullfont!
Missing character: There is no e in font nullfont!
Missing character: There is no r in font nullfont!
Missing character: There is no r in font nullfont!
Missing character: There is no a in font nullfont!
Missing character: There is no m in font nullfont!
Missing character: There is no i in font nullfont!
Missing character: There is no e in font nullfont!
Missing character: There is no n in font nullfont!
Missing character: There is no t in font nullfont!
Missing character: There is no a in font nullfont!
Missing character: There is no P in font nullfont!
Missing character: There is no r in font nullfont!
Missing character: There is no √ in font nullfont!
Missing character: There is no ° in font nullfont!
Missing character: There is no c in font nullfont!
Missing character: There is no t in font nullfont!
Missing character: There is no i in font nullfont!
Missing character: There is no c in font nullfont!
Missing character: There is no a in font nullfont!
Missing character: There is no D in font nullfont!
Missing character: There is no e in font nullfont!
Missing character: There is no s in font nullfont!
Missing character: There is no a in font nullfont!
Missing character: There is no r in font nullfont!
Missing character: There is no r in font nullfont!
Missing character: There is no o in font nullfont!
Missing character: There is no l in font nullfont!
Missing character: There is no l in font nullfont!
Missing character: There is no a in font nullfont!
Missing character: There is no r in font nullfont!
Missing character: There is no u in font nullfont!
Missing character: There is no n in font nullfont!
Missing character: There is no a in font nullfont!
Missing character: There is no h in font nullfont!
Missing character: There is no e in font nullfont!
Missing character: There is no r in font nullfont!
Missing character: There is no r in font nullfont!
Missing character: There is no a in font nullfont!
Missing character: There is no m in font nullfont!
Missing character: There is no i in font nullfont!
Missing character: There is no e in font nullfont!
Missing character: There is no n in font nullfont!
Missing character: There is no t in font nullfont!
Missing character: There is no a in font nullfont!
Missing character: There is no d in font nullfont!
Missing character: There is no e in font nullfont!
Missing character: There is no q in font nullfont!
Missing character: There is no u in font nullfont!
Missing character: There is no e in font nullfont!
Missing character: There is no i in font nullfont!
Missing character: There is no m in font nullfont!
Missing character: There is no p in font nullfont!
Missing character: There is no l in font nullfont!
Missing character: There is no e in font nullfont!
Missing character: There is no m in font nullfont!
Missing character: There is no e in font nullfont!
Missing character: There is no n in font nullfont!
Missing character: There is no t in font nullfont!
Missing character: There is no e in font nullfont!
Missing character: There is no l in font nullfont!
Missing character: There is no a in font nullfont!
Missing character: There is no s in font nullfont!
Missing character: There is no t in font nullfont!
Missing character: There is no √ in font nullfont!
Missing character: There is no © in font nullfont!
Missing character: There is no c in font nullfont!
Missing character: There is no n in font nullfont!
Missing character: There is no i in font nullfont!
Missing character: There is no c in font nullfont!
Missing character: There is no a in font nullfont!
Missing character: There is no s in font nullfont!
Missing character: There is no d in font nullfont!
Missing character: There is no e in font nullfont!
Missing character: There is no s in font nullfont!
Missing character: There is no a in font nullfont!
Missing character: There is no r in font nullfont!
Missing character: There is no r in font nullfont!
Missing character: There is no o in font nullfont!
Missing character: There is no l in font nullfont!
Missing character: There is no l in font nullfont!
Missing character: There is no a in font nullfont!
Missing character: There is no d in font nullfont!
Missing character: There is no a in font nullfont!
Missing character: There is no s in font nullfont!
Missing character: There is no , in font nullfont!
Missing character: There is no y in font nullfont!
Missing character: There is no s in font nullfont!
Missing character: There is no e in font nullfont!
Missing character: There is no a in font nullfont!
Missing character: There is no f in font nullfont!
Missing character: There is no c in font nullfont!
Missing character: There is no i in font nullfont!
Missing character: There is no l in font nullfont!
Missing character: There is no d in font nullfont!
Missing character: There is no e in font nullfont!
Missing character: There is no u in font nullfont!
Missing character: There is no s in font nullfont!
Missing character: There is no a in font nullfont!
Missing character: There is no r in font nullfont!
Missing character: There is no p in font nullfont!
Missing character: There is no o in font nullfont!
Missing character: There is no r in font nullfont!
Missing character: There is no d in font nullfont!
Missing character: There is no e in font nullfont!
Missing character: There is no s in font nullfont!
Missing character: There is no a in font nullfont!
Missing character: There is no r in font nullfont!
Missing character: There is no r in font nullfont!
Missing character: There is no o in font nullfont!
Missing character: There is no l in font nullfont!
Missing character: There is no l in font nullfont!
Missing character: There is no a in font nullfont!
Missing character: There is no d in font nullfont!
Missing character: There is no o in font nullfont!
Missing character: There is no r in font nullfont!
Missing character: There is no e in font nullfont!
Missing character: There is no s in font nullfont!
Missing character: There is no y in font nullfont!
Missing character: There is no e in font nullfont!
Missing character: There is no d in font nullfont!
Missing character: There is no u in font nullfont!
Missing character: There is no c in font nullfont!
Missing character: There is no a in font nullfont!
Missing character: There is no d in font nullfont!
Missing character: There is no o in font nullfont!
Missing character: There is no r in font nullfont!
Missing character: There is no e in font nullfont!
Missing character: There is no s in font nullfont!
Missing character: There is no . in font nullfont!

Overfull \hbox (19.16653pt too wide) in paragraph at lines 39--41
\OT1/cmr/m/it/10 soft-
 []


Overfull \hbox (20.06096pt too wide) in paragraph at lines 39--41
\OT1/cmr/m/it/10 ware
 []


Overfull \hbox (5.00002pt too wide) in paragraph at lines 39--41
\/cmr/m/n/10 a
 []

! Undefined control sequence.
l.43 \section
             *{Propuesta de soluci√≥n}
The control sequence at the end of the top line
of your error message was never \def'ed. If you have
misspelled it (e.g., `\hobx'), type `I' and the correct
spelling (e.g., `I\hbox'). Otherwise just continue,
and I'll forget about whatever was undefined.

Missing character: There is no * in font nullfont!
Missing character: There is no P in font nullfont!
Missing character: There is no r in font nullfont!
Missing character: There is no o in font nullfont!
Missing character: There is no p in font nullfont!
Missing character: There is no u in font nullfont!
Missing character: There is no e in font nullfont!
Missing character: There is no s in font nullfont!
Missing character: There is no t in font nullfont!
Missing character: There is no a in font nullfont!
Missing character: There is no d in font nullfont!
Missing character: There is no e in font nullfont!
Missing character: There is no s in font nullfont!
Missing character: There is no o in font nullfont!
Missing character: There is no l in font nullfont!
Missing character: There is no u in font nullfont!
Missing character: There is no c in font nullfont!
Missing character: There is no i in font nullfont!
Missing character: There is no √ in font nullfont!
Missing character: There is no ≥ in font nullfont!
Missing character: There is no n in font nullfont!

Overfull \hbox (20.0pt too wide) in paragraph at lines 43--44
[]
 []

Missing character: There is no S in font nullfont!
Missing character: There is no e in font nullfont!
Missing character: There is no p in font nullfont!
Missing character: There is no r in font nullfont!
Missing character: There is no o in font nullfont!
Missing character: There is no p in font nullfont!
Missing character: There is no o in font nullfont!
Missing character: There is no n in font nullfont!
Missing character: There is no e in font nullfont!
Missing character: There is no e in font nullfont!
Missing character: There is no x in font nullfont!
Missing character: There is no t in font nullfont!
Missing character: There is no r in font nullfont!
Missing character: There is no a in font nullfont!
Missing character: There is no e in font nullfont!
Missing character: There is no r in font nullfont!
Missing character: There is no l in font nullfont!
Missing character: There is no o in font nullfont!
Missing character: There is no s in font nullfont!
Missing character: There is no A in font nullfont!
Missing character: There is no S in font nullfont!
Missing character: There is no T in font nullfont!
Missing character: There is no s in font nullfont!
Missing character: There is no d in font nullfont!
Missing character: There is no e in font nullfont!
Missing character: There is no c in font nullfont!
Missing character: There is no √ in font nullfont!
Missing character: There is no ≥ in font nullfont!
Missing character: There is no d in font nullfont!
Missing character: There is no i in font nullfont!
Missing character: There is no g in font nullfont!
Missing character: There is no o in font nullfont!
Missing character: There is no s in font nullfont!
Missing character: There is no d in font nullfont!
Missing character: There is no e in font nullfont!
Missing character: There is no C in font nullfont!
Missing character: There is no # in font nullfont!
Missing character: There is no , in font nullfont!
Missing character: There is no c in font nullfont!
Missing character: There is no o in font nullfont!
Missing character: There is no n in font nullfont!
Missing character: There is no v in font nullfont!
Missing character: There is no e in font nullfont!
Missing character: There is no r in font nullfont!
Missing character: There is no t in font nullfont!
Missing character: There is no i in font nullfont!
Missing character: There is no r in font nullfont!
Missing character: There is no l in font nullfont!
Missing character: There is no o in font nullfont!
Missing character: There is no s in font nullfont!
Missing character: There is no e in font nullfont!
Missing character: There is no n in font nullfont!
Missing character: There is no v in font nullfont!
Missing character: There is no e in font nullfont!
Missing character: There is no c in font nullfont!
Missing character: There is no t in font nullfont!
Missing character: There is no o in font nullfont!
Missing character: There is no r in font nullfont!
Missing character: There is no e in font nullfont!
Missing character: There is no s in font nullfont!
Missing character: There is no d in font nullfont!
Missing character: There is no e in font nullfont!
Missing character: There is no c in font nullfont!
Missing character: There is no a in font nullfont!
Missing character: There is no r in font nullfont!
Missing character: There is no √ in font nullfont!
Missing character: There is no ° in font nullfont!
Missing character: There is no c in font nullfont!
Missing character: There is no t in font nullfont!
Missing character: There is no e in font nullfont!
Missing character: There is no r in font nullfont!
Missing character: There is no i in font nullfont!
Missing character: There is no s in font nullfont!
Missing character: There is no t in font nullfont!
Missing character: There is no i in font nullfont!
Missing character: There is no c in font nullfont!
Missing character: There is no a in font nullfont!
Missing character: There is no s in font nullfont!
Missing character: There is no y in font nullfont!
Missing character: There is no u in font nullfont!
Missing character: There is no t in font nullfont!
Missing character: There is no i in font nullfont!
Missing character: There is no l in font nullfont!
Missing character: There is no i in font nullfont!
Missing character: There is no z in font nullfont!
Missing character: There is no a in font nullfont!
Missing character: There is no r in font nullfont!
Missing character: There is no l in font nullfont!
Missing character: There is no o in font nullfont!
Missing character: There is no s in font nullfont!
Missing character: There is no c in font nullfont!
Missing character: There is no o in font nullfont!
Missing character: There is no m in font nullfont!
Missing character: There is no o in font nullfont!
Missing character: There is no e in font nullfont!
Missing character: There is no n in font nullfont!
Missing character: There is no t in font nullfont!
Missing character: There is no r in font nullfont!
Missing character: There is no a in font nullfont!
Missing character: There is no d in font nullfont!
Missing character: There is no a in font nullfont!
Missing character: There is no a in font nullfont!
Missing character: There is no u in font nullfont!
Missing character: There is no n in font nullfont!
Missing character: There is no m in font nullfont!
Missing character: There is no o in font nullfont!
Missing character: There is no d in font nullfont!
Missing character: There is no e in font nullfont!
Missing character: There is no l in font nullfont!
Missing character: There is no o in font nullfont!
Missing character: There is no d in font nullfont!
Missing character: There is no e in font nullfont!
Missing character: There is no R in font nullfont!
Missing character: There is no e in font nullfont!
Missing character: There is no d in font nullfont!
Missing character: There is no N in font nullfont!
Missing character: There is no e in font nullfont!
Missing character: There is no u in font nullfont!
Missing character: There is no r in font nullfont!
Missing character: There is no o in font nullfont!
Missing character: There is no n in font nullfont!
Missing character: There is no a in font nullfont!
Missing character: There is no l in font nullfont!
Missing character: There is no S in font nullfont!
Missing character: There is no i in font nullfont!
Missing character: There is no a in font nullfont!
Missing character: There is no m in font nullfont!
Missing character: There is no e in font nullfont!
Missing character: There is no s in font nullfont!
Missing character: There is no a in font nullfont!
Missing character: There is no . in font nullfont!
Missing character: There is no E in font nullfont!
Missing character: There is no l in font nullfont!
Missing character: There is no m in font nullfont!
Missing character: There is no o in font nullfont!
Missing character: There is no d in font nullfont!
Missing character: There is no e in font nullfont!
Missing character: There is no l in font nullfont!
Missing character: There is no o in font nullfont!
Missing character: There is no a in font nullfont!
Missing character: There is no s in font nullfont!
Missing character: There is no i in font nullfont!
Missing character: There is no g in font nullfont!
Missing character: There is no n in font nullfont!
Missing character: There is no a in font nullfont!
Missing character: There is no r in font nullfont!
Missing character: There is no √ in font nullfont!
Missing character: There is no ° in font nullfont!
Missing character: There is no v in font nullfont!
Missing character: There is no a in font nullfont!
Missing character: There is no l in font nullfont!
Missing character: There is no o in font nullfont!
Missing character: There is no r in font nullfont!
Missing character: There is no e in font nullfont!
Missing character: There is no s in font nullfont!
Missing character: There is no e in font nullfont!
Missing character: There is no n in font nullfont!
Missing character: There is no t in font nullfont!
Missing character: There is no r in font nullfont!
Missing character: There is no e in font nullfont!
Missing character: There is no 0 in font nullfont!
Missing character: There is no y in font nullfont!
Missing character: There is no 1 in font nullfont!
Missing character: There is no a in font nullfont!
Missing character: There is no p in font nullfont!
Missing character: There is no a in font nullfont!
Missing character: There is no r in font nullfont!
Missing character: There is no e in font nullfont!
Missing character: There is no j in font nullfont!
Missing character: There is no a in font nullfont!
Missing character: There is no s in font nullfont!
Missing character: There is no d in font nullfont!
Missing character: There is no e in font nullfont!
Missing character: There is no c in font nullfont!
Missing character: There is no √ in font nullfont!
Missing character: There is no ≥ in font nullfont!
Missing character: There is no d in font nullfont!
Missing character: There is no i in font nullfont!
Missing character: There is no g in font nullfont!
Missing character: There is no o in font nullfont!
Missing character: There is no s in font nullfont!
Missing character: There is no s in font nullfont!
Missing character: There is no e in font nullfont!
Missing character: There is no g in font nullfont!
Missing character: There is no √ in font nullfont!
Missing character: There is no ∫ in font nullfont!
Missing character: There is no n in font nullfont!
Missing character: There is no s in font nullfont!
Missing character: There is no u in font nullfont!
Missing character: There is no s in font nullfont!
Missing character: There is no i in font nullfont!
Missing character: There is no m in font nullfont!
Missing character: There is no i in font nullfont!
Missing character: There is no l in font nullfont!
Missing character: There is no i in font nullfont!
Missing character: There is no t in font nullfont!
Missing character: There is no u in font nullfont!
Missing character: There is no d in font nullfont!
Missing character: There is no ( in font nullfont!
Missing character: There is no s in font nullfont!
Missing character: There is no i in font nullfont!
Missing character: There is no e in font nullfont!
Missing character: There is no n in font nullfont!
Missing character: There is no d in font nullfont!
Missing character: There is no o in font nullfont!
Missing character: There is no m in font nullfont!
Missing character: There is no √ in font nullfont!
Missing character: There is no ° in font nullfont!
Missing character: There is no s in font nullfont!
Missing character: There is no p in font nullfont!
Missing character: There is no a in font nullfont!
Missing character: There is no r in font nullfont!
Missing character: There is no e in font nullfont!
Missing character: There is no c in font nullfont!
Missing character: There is no i in font nullfont!
Missing character: There is no d in font nullfont!
Missing character: There is no o in font nullfont!
Missing character: There is no m in font nullfont!
Missing character: There is no i in font nullfont!
Missing character: There is no e in font nullfont!
Missing character: There is no n in font nullfont!
Missing character: There is no t in font nullfont!
Missing character: There is no r in font nullfont!
Missing character: There is no a in font nullfont!
Missing character: There is no s in font nullfont!
Missing character: There is no m in font nullfont!
Missing character: There is no √ in font nullfont!
Missing character: There is no ° in font nullfont!
Missing character: There is no s in font nullfont!
Missing character: There is no s in font nullfont!
Missing character: There is no e in font nullfont!
Missing character: There is no a in font nullfont!
Missing character: There is no c in font nullfont!
Missing character: There is no e in font nullfont!
Missing character: There is no r in font nullfont!
Missing character: There is no c in font nullfont!
Missing character: There is no a in font nullfont!
Missing character: There is no a in font nullfont!
Missing character: There is no 1 in font nullfont!
Missing character: There is no ) in font nullfont!
Missing character: There is no y in font nullfont!
Missing character: There is no s in font nullfont!
Missing character: There is no e in font nullfont!
Missing character: There is no u in font nullfont!
Missing character: There is no t in font nullfont!
Missing character: There is no i in font nullfont!
Missing character: There is no l in font nullfont!
Missing character: There is no i in font nullfont!
Missing character: There is no z in font nullfont!
Missing character: There is no a in font nullfont!
Missing character: There is no r in font nullfont!
Missing character: There is no √ in font nullfont!
Missing character: There is no ° in font nullfont!
Missing character: There is no e in font nullfont!
Missing character: There is no n in font nullfont!
Missing character: There is no u in font nullfont!
Missing character: There is no n in font nullfont!
Missing character: There is no c in font nullfont!
Missing character: There is no l in font nullfont!
Missing character: There is no a in font nullfont!
Missing character: There is no s in font nullfont!
Missing character: There is no i in font nullfont!
Missing character: There is no f in font nullfont!
Missing character: There is no i in font nullfont!
Missing character: There is no c in font nullfont!
Missing character: There is no a in font nullfont!
Missing character: There is no d in font nullfont!
Missing character: There is no o in font nullfont!
Missing character: There is no r in font nullfont!
Missing character: There is no . in font nullfont!
Missing character: There is no L in font nullfont!
Missing character: There is no a in font nullfont!
Missing character: There is no r in font nullfont!
Missing character: There is no e in font nullfont!
Missing character: There is no d in font nullfont!
Missing character: There is no s in font nullfont!
Missing character: There is no i in font nullfont!
Missing character: There is no a in font nullfont!
Missing character: There is no m in font nullfont!
Missing character: There is no e in font nullfont!
Missing character: There is no s in font nullfont!
Missing character: There is no a in font nullfont!
Missing character: There is no s in font nullfont!
Missing character: There is no e in font nullfont!
Missing character: There is no e in font nullfont!
Missing character: There is no n in font nullfont!
Missing character: There is no t in font nullfont!
Missing character: There is no r in font nullfont!
Missing character: There is no e in font nullfont!
Missing character: There is no n in font nullfont!
Missing character: There is no a in font nullfont!
Missing character: There is no r in font nullfont!
Missing character: There is no √ in font nullfont!
Missing character: There is no ° in font nullfont!
Missing character: There is no u in font nullfont!
Missing character: There is no t in font nullfont!
Missing character: There is no i in font nullfont!
Missing character: There is no l in font nullfont!
Missing character: There is no i in font nullfont!
Missing character: There is no z in font nullfont!
Missing character: There is no a in font nullfont!
Missing character: There is no n in font nullfont!
Missing character: There is no d in font nullfont!
Missing character: There is no o in font nullfont!
Missing character: There is no u in font nullfont!
Missing character: There is no n in font nullfont!
Missing character: There is no c in font nullfont!
Missing character: There is no o in font nullfont!
Missing character: There is no n in font nullfont!
Missing character: There is no j in font nullfont!
Missing character: There is no u in font nullfont!
Missing character: There is no n in font nullfont!
Missing character: There is no t in font nullfont!
Missing character: There is no o in font nullfont!
Missing character: There is no d in font nullfont!
Missing character: There is no e in font nullfont!
Missing character: There is no c in font nullfont!
Missing character: There is no √ in font nullfont!
Missing character: There is no ≥ in font nullfont!
Missing character: There is no d in font nullfont!
Missing character: There is no i in font nullfont!
Missing character: There is no g in font nullfont!
Missing character: There is no o in font nullfont!
Missing character: There is no s in font nullfont!
Missing character: There is no g in font nullfont!
Missing character: There is no e in font nullfont!
Missing character: There is no n in font nullfont!
Missing character: There is no e in font nullfont!
Missing character: There is no r in font nullfont!
Missing character: There is no a in font nullfont!
Missing character: There is no d in font nullfont!
Missing character: There is no o in font nullfont!
Missing character: There is no s in font nullfont!
Missing character: There is no p in font nullfont!
Missing character: There is no o in font nullfont!
Missing character: There is no r in font nullfont!
Missing character: There is no I in font nullfont!
Missing character: There is no n in font nullfont!
Missing character: There is no t in font nullfont!
Missing character: There is no e in font nullfont!
Missing character: There is no l in font nullfont!
Missing character: There is no i in font nullfont!
Missing character: There is no g in font nullfont!
Missing character: There is no e in font nullfont!
Missing character: There is no n in font nullfont!
Missing character: There is no c in font nullfont!
Missing character: There is no i in font nullfont!
Missing character: There is no a in font nullfont!
Missing character: There is no s in font nullfont!
Missing character: There is no A in font nullfont!
Missing character: There is no r in font nullfont!
Missing character: There is no t in font nullfont!
Missing character: There is no i in font nullfont!
Missing character: There is no f in font nullfont!
Missing character: There is no i in font nullfont!
Missing character: There is no c in font nullfont!
Missing character: There is no i in font nullfont!
Missing character: There is no a in font nullfont!
Missing character: There is no l in font nullfont!
Missing character: There is no e in font nullfont!
Missing character: There is no s in font nullfont!
Missing character: There is no g in font nullfont!
Missing character: There is no e in font nullfont!
Missing character: There is no n in font nullfont!
Missing character: There is no e in font nullfont!
Missing character: There is no r in font nullfont!
Missing character: There is no a in font nullfont!
Missing character: There is no t in font nullfont!
Missing character: There is no i in font nullfont!
Missing character: There is no v in font nullfont!
Missing character: There is no a in font nullfont!
Missing character: There is no s in font nullfont!
Missing character: There is no y in font nullfont!
Missing character: There is no o in font nullfont!
Missing character: There is no t in font nullfont!
Missing character: There is no r in font nullfont!
Missing character: There is no o in font nullfont!
Missing character: There is no c in font nullfont!
Missing character: There is no o in font nullfont!
Missing character: There is no n in font nullfont!
Missing character: There is no j in font nullfont!
Missing character: There is no u in font nullfont!
Missing character: There is no n in font nullfont!
Missing character: There is no t in font nullfont!
Missing character: There is no o in font nullfont!
Missing character: There is no c in font nullfont!
Missing character: There is no o in font nullfont!
Missing character: There is no m in font nullfont!
Missing character: There is no p in font nullfont!
Missing character: There is no u in font nullfont!
Missing character: There is no e in font nullfont!
Missing character: There is no s in font nullfont!
Missing character: There is no t in font nullfont!
Missing character: There is no o in font nullfont!
Missing character: There is no p in font nullfont!
Missing character: There is no o in font nullfont!
Missing character: There is no r in font nullfont!
Missing character: There is no c in font nullfont!
Missing character: There is no o in font nullfont!
Missing character: There is no p in font nullfont!
Missing character: There is no i in font nullfont!
Missing character: There is no a in font nullfont!
Missing character: There is no s in font nullfont!
Missing character: There is no m in font nullfont!
Missing character: There is no a in font nullfont!
Missing character: There is no n in font nullfont!
Missing character: There is no u in font nullfont!
Missing character: There is no a in font nullfont!
Missing character: There is no l in font nullfont!
Missing character: There is no e in font nullfont!
Missing character: There is no s in font nullfont!
Missing character: There is no d in font nullfont!
Missing character: There is no e in font nullfont!
Missing character: There is no p in font nullfont!
Missing character: There is no r in font nullfont!
Missing character: There is no o in font nullfont!
Missing character: There is no y in font nullfont!
Missing character: There is no e in font nullfont!
Missing character: There is no c in font nullfont!
Missing character: There is no t in font nullfont!
Missing character: There is no o in font nullfont!
Missing character: There is no s in font nullfont!
Missing character: There is no d in font nullfont!
Missing character: There is no e in font nullfont!
Missing character: There is no C in font nullfont!
Missing character: There is no # in font nullfont!
Missing character: There is no . in font nullfont!
Missing character: There is no D in font nullfont!
Missing character: There is no e in font nullfont!
Missing character: There is no e in font nullfont!
Missing character: There is no s in font nullfont!
Missing character: There is no t in font nullfont!
Missing character: There is no e in font nullfont!
Missing character: There is no m in font nullfont!
Missing character: There is no o in font nullfont!
Missing character: There is no d in font nullfont!
Missing character: There is no o in font nullfont!
Missing character: There is no s in font nullfont!
Missing character: There is no e in font nullfont!
Missing character: There is no o in font nullfont!
Missing character: There is no b in font nullfont!
Missing character: There is no t in font nullfont!
Missing character: There is no e in font nullfont!
Missing character: There is no n in font nullfont!
Missing character: There is no d in font nullfont!
Missing character: There is no r in font nullfont!
Missing character: There is no √ in font nullfont!
Missing character: There is no ° in font nullfont!
Missing character: There is no u in font nullfont!
Missing character: There is no n in font nullfont!
Missing character: There is no a in font nullfont!
Missing character: There is no h in font nullfont!
Missing character: There is no e in font nullfont!
Missing character: There is no r in font nullfont!
Missing character: There is no r in font nullfont!
Missing character: There is no a in font nullfont!
Missing character: There is no m in font nullfont!
Missing character: There is no i in font nullfont!
Missing character: There is no e in font nullfont!
Missing character: There is no n in font nullfont!
Missing character: There is no t in font nullfont!
Missing character: There is no a in font nullfont!
Missing character: There is no p in font nullfont!
Missing character: There is no r in font nullfont!
Missing character: There is no √ in font nullfont!
Missing character: There is no ° in font nullfont!
Missing character: There is no c in font nullfont!
Missing character: There is no t in font nullfont!
Missing character: There is no i in font nullfont!
Missing character: There is no c in font nullfont!
Missing character: There is no a in font nullfont!
Missing character: There is no , in font nullfont!
Missing character: There is no q in font nullfont!
Missing character: There is no u in font nullfont!
Missing character: There is no e in font nullfont!
Missing character: There is no s in font nullfont!
Missing character: There is no e in font nullfont!
Missing character: There is no p in font nullfont!
Missing character: There is no u in font nullfont!
Missing character: There is no e in font nullfont!
Missing character: There is no d in font nullfont!
Missing character: There is no a in font nullfont!
Missing character: There is no i in font nullfont!
Missing character: There is no n in font nullfont!
Missing character: There is no t in font nullfont!
Missing character: There is no e in font nullfont!
Missing character: There is no g in font nullfont!
Missing character: There is no r in font nullfont!
Missing character: There is no a in font nullfont!
Missing character: There is no r in font nullfont!
Missing character: There is no e in font nullfont!
Missing character: There is no n in font nullfont!
Missing character: There is no e in font nullfont!
Missing character: There is no n in font nullfont!
Missing character: There is no t in font nullfont!
Missing character: There is no o in font nullfont!
Missing character: There is no r in font nullfont!
Missing character: There is no n in font nullfont!
Missing character: There is no o in font nullfont!
Missing character: There is no s in font nullfont!
Missing character: There is no d in font nullfont!
Missing character: There is no e in font nullfont!
Missing character: There is no d in font nullfont!
Missing character: There is no e in font nullfont!
Missing character: There is no s in font nullfont!
Missing character: There is no a in font nullfont!
Missing character: There is no r in font nullfont!
Missing character: There is no r in font nullfont!
Missing character: There is no o in font nullfont!
Missing character: There is no l in font nullfont!
Missing character: There is no l in font nullfont!
Missing character: There is no o in font nullfont!
Missing character: There is no r in font nullfont!
Missing character: There is no e in font nullfont!
Missing character: There is no a in font nullfont!
Missing character: There is no l in font nullfont!
Missing character: There is no e in font nullfont!
Missing character: There is no s in font nullfont!
Missing character: There is no . in font nullfont!

Overfull \hbox (20.0pt too wide) in paragraph at lines 46--47
[]
 []


Overfull \hbox (19.16653pt too wide) in paragraph at lines 46--47
\OT1/cmr/m/it/10 soft-
 []


Overfull \hbox (20.06096pt too wide) in paragraph at lines 46--47
\OT1/cmr/m/it/10 ware
 []

Missing character: There is no L in font nullfont!
Missing character: There is no a in font nullfont!
Missing character: There is no v in font nullfont!
Missing character: There is no a in font nullfont!
Missing character: There is no l in font nullfont!
Missing character: There is no i in font nullfont!
Missing character: There is no d in font nullfont!
Missing character: There is no a in font nullfont!
Missing character: There is no c in font nullfont!
Missing character: There is no i in font nullfont!
Missing character: There is no √ in font nullfont!
Missing character: There is no ≥ in font nullfont!
Missing character: There is no n in font nullfont!
Missing character: There is no d in font nullfont!
Missing character: There is no e in font nullfont!
Missing character: There is no l in font nullfont!
Missing character: There is no a in font nullfont!
Missing character: There is no h in font nullfont!
Missing character: There is no e in font nullfont!
Missing character: There is no r in font nullfont!
Missing character: There is no r in font nullfont!
Missing character: There is no a in font nullfont!
Missing character: There is no m in font nullfont!
Missing character: There is no i in font nullfont!
Missing character: There is no e in font nullfont!
Missing character: There is no n in font nullfont!
Missing character: There is no t in font nullfont!
Missing character: There is no a in font nullfont!
Missing character: There is no s in font nullfont!
Missing character: There is no e in font nullfont!
Missing character: There is no l in font nullfont!
Missing character: There is no l in font nullfont!
Missing character: There is no e in font nullfont!
Missing character: There is no v in font nullfont!
Missing character: There is no a in font nullfont!
Missing character: There is no r in font nullfont!
Missing character: There is no √ in font nullfont!
Missing character: There is no ° in font nullfont!
Missing character: There is no a in font nullfont!
Missing character: There is no c in font nullfont!
Missing character: There is no a in font nullfont!
Missing character: There is no b in font nullfont!
Missing character: There is no o in font nullfont!
Missing character: There is no e in font nullfont!
Missing character: There is no n in font nullfont!
Missing character: There is no e in font nullfont!
Missing character: There is no s in font nullfont!
Missing character: There is no c in font nullfont!
Missing character: There is no e in font nullfont!
Missing character: There is no n in font nullfont!
Missing character: There is no a in font nullfont!
Missing character: There is no r in font nullfont!
Missing character: There is no i in font nullfont!
Missing character: There is no o in font nullfont!
Missing character: There is no s in font nullfont!
Missing character: There is no p in font nullfont!
Missing character: There is no r in font nullfont!
Missing character: There is no √ in font nullfont!
Missing character: There is no ° in font nullfont!
Missing character: There is no c in font nullfont!
Missing character: There is no t in font nullfont!
Missing character: There is no i in font nullfont!
Missing character: There is no c in font nullfont!
Missing character: There is no o in font nullfont!
Missing character: There is no s in font nullfont!
Missing character: There is no , in font nullfont!
Missing character: There is no c in font nullfont!
Missing character: There is no o in font nullfont!
Missing character: There is no m in font nullfont!
Missing character: There is no o in font nullfont!
Missing character: There is no l in font nullfont!
Missing character: There is no a in font nullfont!
Missing character: There is no d in font nullfont!
Missing character: There is no e in font nullfont!
Missing character: There is no t in font nullfont!
Missing character: There is no e in font nullfont!
Missing character: There is no c in font nullfont!
Missing character: There is no c in font nullfont!
Missing character: There is no i in font nullfont!
Missing character: There is no √ in font nullfont!
Missing character: There is no ≥ in font nullfont!
Missing character: There is no n in font nullfont!
Missing character: There is no d in font nullfont!
Missing character: There is no e in font nullfont!
Missing character: There is no p in font nullfont!
Missing character: There is no l in font nullfont!
Missing character: There is no a in font nullfont!
Missing character: There is no g in font nullfont!
Missing character: There is no i in font nullfont!
Missing character: There is no o in font nullfont!
Missing character: There is no s in font nullfont!
Missing character: There is no e in font nullfont!
Missing character: There is no n in font nullfont!
Missing character: There is no t in font nullfont!
Missing character: There is no a in font nullfont!
Missing character: There is no r in font nullfont!
Missing character: There is no e in font nullfont!
Missing character: There is no a in font nullfont!
Missing character: There is no s in font nullfont!
Missing character: There is no d in font nullfont!
Missing character: There is no e in font nullfont!
Missing character: There is no p in font nullfont!
Missing character: There is no r in font nullfont!
Missing character: There is no o in font nullfont!
Missing character: There is no g in font nullfont!
Missing character: There is no r in font nullfont!
Missing character: There is no a in font nullfont!
Missing character: There is no m in font nullfont!
Missing character: There is no a in font nullfont!
Missing character: There is no c in font nullfont!
Missing character: There is no i in font nullfont!
Missing character: There is no √ in font nullfont!
Missing character: There is no ≥ in font nullfont!
Missing character: There is no n in font nullfont!
Missing character: There is no d in font nullfont!
Missing character: There is no e in font nullfont!
Missing character: There is no c in font nullfont!
Missing character: There is no √ in font nullfont!
Missing character: There is no ≥ in font nullfont!
Missing character: There is no d in font nullfont!
Missing character: There is no i in font nullfont!
Missing character: There is no g in font nullfont!
Missing character: There is no o in font nullfont!
Missing character: There is no . in font nullfont!
Missing character: There is no E in font nullfont!
Missing character: There is no s in font nullfont!
Missing character: There is no t in font nullfont!
Missing character: There is no o in font nullfont!
Missing character: There is no n in font nullfont!
Missing character: There is no o in font nullfont!
Missing character: There is no s in font nullfont!
Missing character: There is no o in font nullfont!
Missing character: There is no l in font nullfont!
Missing character: There is no o in font nullfont!
Missing character: There is no d in font nullfont!
Missing character: There is no e in font nullfont!
Missing character: There is no m in font nullfont!
Missing character: There is no o in font nullfont!
Missing character: There is no s in font nullfont!
Missing character: There is no t in font nullfont!
Missing character: There is no r in font nullfont!
Missing character: There is no a in font nullfont!
Missing character: There is no r in font nullfont!
Missing character: There is no √ in font nullfont!
Missing character: There is no ° in font nullfont!
Missing character: There is no l in font nullfont!
Missing character: There is no a in font nullfont!
Missing character: There is no e in font nullfont!
Missing character: There is no f in font nullfont!
Missing character: There is no e in font nullfont!
Missing character: There is no c in font nullfont!
Missing character: There is no t in font nullfont!
Missing character: There is no i in font nullfont!
Missing character: There is no v in font nullfont!
Missing character: There is no i in font nullfont!
Missing character: There is no d in font nullfont!
Missing character: There is no a in font nullfont!
Missing character: There is no d in font nullfont!
Missing character: There is no d in font nullfont!
Missing character: There is no e in font nullfont!
Missing character: There is no l in font nullfont!
Missing character: There is no a in font nullfont!
Missing character: There is no s in font nullfont!
Missing character: There is no t in font nullfont!
Missing character: There is no √ in font nullfont!
Missing character: There is no © in font nullfont!
Missing character: There is no c in font nullfont!
Missing character: There is no n in font nullfont!
Missing character: There is no i in font nullfont!
Missing character: There is no c in font nullfont!
Missing character: There is no a in font nullfont!
Missing character: There is no s in font nullfont!
Missing character: There is no i in font nullfont!
Missing character: There is no m in font nullfont!
Missing character: There is no p in font nullfont!
Missing character: There is no l in font nullfont!
Missing character: There is no e in font nullfont!
Missing character: There is no m in font nullfont!
Missing character: There is no e in font nullfont!
Missing character: There is no n in font nullfont!
Missing character: There is no t in font nullfont!
Missing character: There is no a in font nullfont!
Missing character: There is no d in font nullfont!
Missing character: There is no a in font nullfont!
Missing character: There is no s in font nullfont!
Missing character: There is no , in font nullfont!
Missing character: There is no s in font nullfont!
Missing character: There is no i in font nullfont!
Missing character: There is no n in font nullfont!
Missing character: There is no o in font nullfont!
Missing character: There is no t in font nullfont!
Missing character: There is no a in font nullfont!
Missing character: There is no m in font nullfont!
Missing character: There is no b in font nullfont!
Missing character: There is no i in font nullfont!
Missing character: There is no √ in font nullfont!
Missing character: There is no © in font nullfont!
Missing character: There is no n in font nullfont!
Missing character: There is no g in font nullfont!
Missing character: There is no a in font nullfont!
Missing character: There is no r in font nullfont!
Missing character: There is no a in font nullfont!
Missing character: There is no n in font nullfont!
Missing character: There is no t in font nullfont!
Missing character: There is no i in font nullfont!
Missing character: There is no z in font nullfont!
Missing character: There is no a in font nullfont!
Missing character: There is no r in font nullfont!
Missing character: There is no √ in font nullfont!
Missing character: There is no ° in font nullfont!
Missing character: There is no q in font nullfont!
Missing character: There is no u in font nullfont!
Missing character: There is no e in font nullfont!
Missing character: There is no l in font nullfont!
Missing character: There is no a in font nullfont!
Missing character: There is no h in font nullfont!
Missing character: There is no e in font nullfont!
Missing character: There is no r in font nullfont!
Missing character: There is no r in font nullfont!
Missing character: There is no a in font nullfont!
Missing character: There is no m in font nullfont!
Missing character: There is no i in font nullfont!
Missing character: There is no e in font nullfont!
Missing character: There is no n in font nullfont!
Missing character: There is no t in font nullfont!
Missing character: There is no a in font nullfont!
Missing character: There is no s in font nullfont!
Missing character: There is no e in font nullfont!
Missing character: There is no a in font nullfont!
Missing character: There is no √ in font nullfont!
Missing character: There is no ∫ in font nullfont!
Missing character: There is no t in font nullfont!
Missing character: There is no i in font nullfont!
Missing character: There is no l in font nullfont!
Missing character: There is no p in font nullfont!
Missing character: There is no a in font nullfont!
Missing character: There is no r in font nullfont!
Missing character: There is no a in font nullfont!
Missing character: There is no l in font nullfont!
Missing character: There is no o in font nullfont!
Missing character: There is no s in font nullfont!
Missing character: There is no u in font nullfont!
Missing character: There is no s in font nullfont!
Missing character: There is no u in font nullfont!
Missing character: There is no a in font nullfont!
Missing character: There is no r in font nullfont!
Missing character: There is no i in font nullfont!
Missing character: There is no o in font nullfont!
Missing character: There is no s in font nullfont!
Missing character: There is no f in font nullfont!
Missing character: There is no i in font nullfont!
Missing character: There is no n in font nullfont!
Missing character: There is no a in font nullfont!
Missing character: There is no l in font nullfont!
Missing character: There is no e in font nullfont!
Missing character: There is no s in font nullfont!
Missing character: There is no . in font nullfont!

Overfull \hbox (20.0pt too wide) in paragraph at lines 48--49
[]
 []

Missing character: There is no E in font nullfont!
Missing character: There is no l in font nullfont!
Missing character: There is no p in font nullfont!
Missing character: There is no r in font nullfont!
Missing character: There is no e in font nullfont!
Missing character: There is no s in font nullfont!
Missing character: There is no e in font nullfont!
Missing character: There is no n in font nullfont!
Missing character: There is no t in font nullfont!
Missing character: There is no e in font nullfont!
Missing character: There is no d in font nullfont!
Missing character: There is no o in font nullfont!
Missing character: There is no c in font nullfont!
Missing character: There is no u in font nullfont!
Missing character: There is no m in font nullfont!
Missing character: There is no e in font nullfont!
Missing character: There is no n in font nullfont!
Missing character: There is no t in font nullfont!
Missing character: There is no o in font nullfont!
Missing character: There is no e in font nullfont!
Missing character: There is no s in font nullfont!
Missing character: There is no t in font nullfont!
Missing character: There is no √ in font nullfont!
Missing character: There is no ° in font nullfont!
Missing character: There is no o in font nullfont!
Missing character: There is no r in font nullfont!
Missing character: There is no g in font nullfont!
Missing character: There is no a in font nullfont!
Missing character: There is no n in font nullfont!
Missing character: There is no i in font nullfont!
Missing character: There is no z in font nullfont!
Missing character: There is no a in font nullfont!
Missing character: There is no d in font nullfont!
Missing character: There is no o in font nullfont!
Missing character: There is no e in font nullfont!
Missing character: There is no n in font nullfont!
Missing character: There is no 6 in font nullfont!
Missing character: There is no c in font nullfont!
Missing character: There is no a in font nullfont!
Missing character: There is no p in font nullfont!
Missing character: There is no √ in font nullfont!
Missing character: There is no ≠ in font nullfont!
Missing character: There is no t in font nullfont!
Missing character: There is no u in font nullfont!
Missing character: There is no l in font nullfont!
Missing character: There is no o in font nullfont!
Missing character: There is no s in font nullfont!
Missing character: There is no . in font nullfont!
Missing character: There is no E in font nullfont!
Missing character: There is no n in font nullfont!
Missing character: There is no e in font nullfont!
Missing character: There is no l in font nullfont!
Missing character: There is no c in font nullfont!
Missing character: There is no a in font nullfont!
Missing character: There is no p in font nullfont!
Missing character: There is no √ in font nullfont!
Missing character: There is no ≠ in font nullfont!
Missing character: There is no t in font nullfont!
Missing character: There is no u in font nullfont!
Missing character: There is no l in font nullfont!
Missing character: There is no o in font nullfont!
Missing character: There is no 1 in font nullfont!
Missing character: There is no s in font nullfont!
Missing character: There is no e in font nullfont!
Missing character: There is no d in font nullfont!
Missing character: There is no e in font nullfont!
Missing character: There is no s in font nullfont!
Missing character: There is no c in font nullfont!
Missing character: There is no r in font nullfont!
Missing character: There is no i in font nullfont!
Missing character: There is no b in font nullfont!
Missing character: There is no e in font nullfont!
Missing character: There is no n in font nullfont!
Missing character: There is no l in font nullfont!
Missing character: There is no o in font nullfont!
Missing character: There is no s in font nullfont!
Missing character: There is no e in font nullfont!
Missing character: There is no l in font nullfont!
Missing character: There is no e in font nullfont!
Missing character: There is no m in font nullfont!
Missing character: There is no e in font nullfont!
Missing character: There is no n in font nullfont!
Missing character: There is no t in font nullfont!
Missing character: There is no o in font nullfont!
Missing character: There is no s in font nullfont!
Missing character: There is no f in font nullfont!
Missing character: There is no u in font nullfont!
Missing character: There is no n in font nullfont!
Missing character: There is no d in font nullfont!
Missing character: There is no a in font nullfont!
Missing character: There is no m in font nullfont!
Missing character: There is no e in font nullfont!
Missing character: There is no n in font nullfont!
Missing character: There is no t in font nullfont!
Missing character: There is no a in font nullfont!
Missing character: There is no l in font nullfont!
Missing character: There is no e in font nullfont!
Missing character: There is no s in font nullfont!
Missing character: There is no d in font nullfont!
Missing character: There is no e in font nullfont!
Missing character: There is no l in font nullfont!
Missing character: There is no p in font nullfont!
Missing character: There is no r in font nullfont!
Missing character: There is no o in font nullfont!
Missing character: There is no b in font nullfont!
Missing character: There is no l in font nullfont!
Missing character: There is no e in font nullfont!
Missing character: There is no m in font nullfont!
Missing character: There is no a in font nullfont!
Missing character: There is no d in font nullfont!
Missing character: There is no e in font nullfont!
Missing character: There is no s in font nullfont!
Missing character: There is no i in font nullfont!
Missing character: There is no m in font nullfont!
Missing character: There is no i in font nullfont!
Missing character: There is no l in font nullfont!
Missing character: There is no i in font nullfont!
Missing character: There is no t in font nullfont!
Missing character: There is no u in font nullfont!
Missing character: There is no d in font nullfont!
Missing character: There is no d in font nullfont!
Missing character: There is no e in font nullfont!
Missing character: There is no c in font nullfont!
Missing character: There is no √ in font nullfont!
Missing character: There is no ≥ in font nullfont!
Missing character: There is no d in font nullfont!
Missing character: There is no i in font nullfont!
Missing character: There is no g in font nullfont!
Missing character: There is no o in font nullfont!
Missing character: There is no . in font nullfont!
Missing character: There is no E in font nullfont!
Missing character: There is no n in font nullfont!
Missing character: There is no e in font nullfont!
Missing character: There is no l in font nullfont!
Missing character: There is no c in font nullfont!
Missing character: There is no a in font nullfont!
Missing character: There is no p in font nullfont!
Missing character: There is no √ in font nullfont!
Missing character: There is no ≠ in font nullfont!
Missing character: There is no t in font nullfont!
Missing character: There is no u in font nullfont!
Missing character: There is no l in font nullfont!
Missing character: There is no o in font nullfont!
Missing character: There is no 2 in font nullfont!
Missing character: There is no s in font nullfont!
Missing character: There is no e in font nullfont!
Missing character: There is no d in font nullfont!
Missing character: There is no e in font nullfont!
Missing character: There is no s in font nullfont!
Missing character: There is no c in font nullfont!
Missing character: There is no r in font nullfont!
Missing character: There is no i in font nullfont!
Missing character: There is no b in font nullfont!
Missing character: There is no e in font nullfont!
Missing character: There is no l in font nullfont!
Missing character: There is no a in font nullfont!
Missing character: There is no e in font nullfont!
Missing character: There is no x in font nullfont!
Missing character: There is no t in font nullfont!
Missing character: There is no r in font nullfont!
Missing character: There is no a in font nullfont!
Missing character: There is no c in font nullfont!
Missing character: There is no c in font nullfont!
Missing character: There is no i in font nullfont!
Missing character: There is no √ in font nullfont!
Missing character: There is no ≥ in font nullfont!
Missing character: There is no n in font nullfont!
Missing character: There is no d in font nullfont!
Missing character: There is no e in font nullfont!
Missing character: There is no c in font nullfont!
Missing character: There is no a in font nullfont!
Missing character: There is no r in font nullfont!
Missing character: There is no a in font nullfont!
Missing character: There is no c in font nullfont!
Missing character: There is no t in font nullfont!
Missing character: There is no e in font nullfont!
Missing character: There is no r in font nullfont!
Missing character: There is no i in font nullfont!
Missing character: There is no s in font nullfont!
Missing character: There is no t in font nullfont!
Missing character: There is no i in font nullfont!
Missing character: There is no c in font nullfont!
Missing character: There is no a in font nullfont!
Missing character: There is no s in font nullfont!
Missing character: There is no d in font nullfont!
Missing character: There is no e in font nullfont!
Missing character: There is no l in font nullfont!
Missing character: There is no A in font nullfont!
Missing character: There is no S in font nullfont!
Missing character: There is no T in font nullfont!
Missing character: There is no . in font nullfont!
Missing character: There is no P in font nullfont!
Missing character: There is no o in font nullfont!
Missing character: There is no r in font nullfont!
Missing character: There is no s in font nullfont!
Missing character: There is no u in font nullfont!
Missing character: There is no p in font nullfont!
Missing character: There is no a in font nullfont!
Missing character: There is no r in font nullfont!
Missing character: There is no t in font nullfont!
Missing character: There is no e in font nullfont!
Missing character: There is no e in font nullfont!
Missing character: There is no n in font nullfont!
Missing character: There is no e in font nullfont!
Missing character: There is no l in font nullfont!
Missing character: There is no c in font nullfont!
Missing character: There is no a in font nullfont!
Missing character: There is no p in font nullfont!
Missing character: There is no √ in font nullfont!
Missing character: There is no ≠ in font nullfont!
Missing character: There is no t in font nullfont!
Missing character: There is no u in font nullfont!
Missing character: There is no l in font nullfont!
Missing character: There is no o in font nullfont!
Missing character: There is no 3 in font nullfont!
Missing character: There is no s in font nullfont!
Missing character: There is no e in font nullfont!
Missing character: There is no m in font nullfont!
Missing character: There is no u in font nullfont!
Missing character: There is no e in font nullfont!
Missing character: There is no s in font nullfont!
Missing character: There is no t in font nullfont!
Missing character: There is no r in font nullfont!
Missing character: There is no a in font nullfont!
Missing character: There is no l in font nullfont!
Missing character: There is no a in font nullfont!
Missing character: There is no p in font nullfont!
Missing character: There is no r in font nullfont!
Missing character: There is no e in font nullfont!
Missing character: There is no p in font nullfont!
Missing character: There is no a in font nullfont!
Missing character: There is no r in font nullfont!
Missing character: There is no a in font nullfont!
Missing character: There is no c in font nullfont!
Missing character: There is no i in font nullfont!
Missing character: There is no √ in font nullfont!
Missing character: There is no ≥ in font nullfont!
Missing character: There is no n in font nullfont!
Missing character: There is no d in font nullfont!
Missing character: There is no e in font nullfont!
Missing character: There is no l in font nullfont!
Missing character: There is no c in font nullfont!
Missing character: There is no o in font nullfont!
Missing character: There is no n in font nullfont!
Missing character: There is no j in font nullfont!
Missing character: There is no u in font nullfont!
Missing character: There is no n in font nullfont!
Missing character: There is no t in font nullfont!
Missing character: There is no o in font nullfont!
Missing character: There is no d in font nullfont!
Missing character: There is no e in font nullfont!
Missing character: There is no e in font nullfont!
Missing character: There is no n in font nullfont!
Missing character: There is no t in font nullfont!
Missing character: There is no r in font nullfont!
Missing character: There is no e in font nullfont!
Missing character: There is no n in font nullfont!
Missing character: There is no a in font nullfont!
Missing character: There is no m in font nullfont!
Missing character: There is no i in font nullfont!
Missing character: There is no e in font nullfont!
Missing character: There is no n in font nullfont!
Missing character: There is no t in font nullfont!
Missing character: There is no o in font nullfont!
Missing character: There is no y in font nullfont!
Missing character: There is no e in font nullfont!
Missing character: There is no n in font nullfont!
Missing character: There is no e in font nullfont!
Missing character: There is no l in font nullfont!
Missing character: There is no c in font nullfont!
Missing character: There is no a in font nullfont!
Missing character: There is no p in font nullfont!
Missing character: There is no √ in font nullfont!
Missing character: There is no ≠ in font nullfont!
Missing character: There is no t in font nullfont!
Missing character: There is no u in font nullfont!
Missing character: There is no l in font nullfont!
Missing character: There is no o in font nullfont!
Missing character: There is no 4 in font nullfont!
Missing character: There is no s in font nullfont!
Missing character: There is no e in font nullfont!
Missing character: There is no d in font nullfont!
Missing character: There is no e in font nullfont!
Missing character: There is no s in font nullfont!
Missing character: There is no c in font nullfont!
Missing character: There is no r in font nullfont!
Missing character: There is no i in font nullfont!
Missing character: There is no b in font nullfont!
Missing character: There is no e in font nullfont!
Missing character: There is no e in font nullfont!
Missing character: There is no l in font nullfont!
Missing character: There is no m in font nullfont!
Missing character: There is no o in font nullfont!
Missing character: There is no d in font nullfont!
Missing character: There is no e in font nullfont!
Missing character: There is no l in font nullfont!
Missing character: There is no o in font nullfont!
Missing character: There is no d in font nullfont!
Missing character: There is no e in font nullfont!
Missing character: There is no r in font nullfont!
Missing character: There is no e in font nullfont!
Missing character: There is no d in font nullfont!
Missing character: There is no n in font nullfont!
Missing character: There is no e in font nullfont!
Missing character: There is no u in font nullfont!
Missing character: There is no r in font nullfont!
Missing character: There is no o in font nullfont!
Missing character: There is no n in font nullfont!
Missing character: There is no a in font nullfont!
Missing character: There is no l in font nullfont!
Missing character: There is no u in font nullfont!
Missing character: There is no t in font nullfont!
Missing character: There is no i in font nullfont!
Missing character: There is no l in font nullfont!
Missing character: There is no i in font nullfont!
Missing character: There is no z in font nullfont!
Missing character: There is no a in font nullfont!
Missing character: There is no d in font nullfont!
Missing character: There is no o in font nullfont!
Missing character: There is no p in font nullfont!
Missing character: There is no a in font nullfont!
Missing character: There is no r in font nullfont!
Missing character: There is no a in font nullfont!
Missing character: There is no e in font nullfont!
Missing character: There is no s in font nullfont!
Missing character: There is no t in font nullfont!
Missing character: There is no e in font nullfont!
Missing character: There is no p in font nullfont!
Missing character: There is no r in font nullfont!
Missing character: There is no o in font nullfont!
Missing character: There is no b in font nullfont!
Missing character: There is no l in font nullfont!
Missing character: There is no e in font nullfont!
Missing character: There is no m in font nullfont!
Missing character: There is no a in font nullfont!
Missing character: There is no . in font nullfont!
Missing character: There is no E in font nullfont!
Missing character: There is no n in font nullfont!
Missing character: There is no e in font nullfont!
Missing character: There is no l in font nullfont!
Missing character: There is no c in font nullfont!
Missing character: There is no a in font nullfont!
Missing character: There is no p in font nullfont!
Missing character: There is no √ in font nullfont!
Missing character: There is no ≠ in font nullfont!
Missing character: There is no t in font nullfont!
Missing character: There is no u in font nullfont!
Missing character: There is no l in font nullfont!
Missing character: There is no o in font nullfont!
Missing character: There is no 5 in font nullfont!
Missing character: There is no s in font nullfont!
Missing character: There is no e in font nullfont!
Missing character: There is no e in font nullfont!
Missing character: There is no x in font nullfont!
Missing character: There is no p in font nullfont!
Missing character: There is no o in font nullfont!
Missing character: There is no n in font nullfont!
Missing character: There is no e in font nullfont!
Missing character: There is no n in font nullfont!
Missing character: There is no l in font nullfont!
Missing character: There is no o in font nullfont!
Missing character: There is no s in font nullfont!
Missing character: There is no e in font nullfont!
Missing character: There is no x in font nullfont!
Missing character: There is no p in font nullfont!
Missing character: There is no e in font nullfont!
Missing character: There is no r in font nullfont!
Missing character: There is no i in font nullfont!
Missing character: There is no m in font nullfont!
Missing character: There is no e in font nullfont!
Missing character: There is no n in font nullfont!
Missing character: There is no t in font nullfont!
Missing character: There is no o in font nullfont!
Missing character: There is no s in font nullfont!
Missing character: There is no y in font nullfont!
Missing character: There is no r in font nullfont!
Missing character: There is no e in font nullfont!
Missing character: There is no s in font nullfont!
Missing character: There is no u in font nullfont!
Missing character: There is no l in font nullfont!
Missing character: There is no t in font nullfont!
Missing character: There is no a in font nullfont!
Missing character: There is no d in font nullfont!
Missing character: There is no o in font nullfont!
Missing character: There is no s in font nullfont!
Missing character: There is no a in font nullfont!
Missing character: There is no l in font nullfont!
Missing character: There is no c in font nullfont!
Missing character: There is no a in font nullfont!
Missing character: There is no n in font nullfont!
Missing character: There is no z in font nullfont!
Missing character: There is no a in font nullfont!
Missing character: There is no d in font nullfont!
Missing character: There is no o in font nullfont!
Missing character: There is no s in font nullfont!
Missing character: There is no y in font nullfont!
Missing character: There is no f in font nullfont!
Missing character: There is no i in font nullfont!
Missing character: There is no n in font nullfont!
Missing character: There is no a in font nullfont!
Missing character: There is no l in font nullfont!
Missing character: There is no m in font nullfont!
Missing character: There is no e in font nullfont!
Missing character: There is no t in font nullfont!
Missing character: There is no e in font nullfont!
Missing character: There is no e in font nullfont!
Missing character: There is no n in font nullfont!
Missing character: There is no e in font nullfont!
Missing character: There is no l in font nullfont!
Missing character: There is no c in font nullfont!
Missing character: There is no a in font nullfont!
Missing character: There is no p in font nullfont!
Missing character: There is no √ in font nullfont!
Missing character: There is no ≠ in font nullfont!
Missing character: There is no t in font nullfont!
Missing character: There is no u in font nullfont!
Missing character: There is no l in font nullfont!
Missing character: There is no o in font nullfont!
Missing character: There is no 6 in font nullfont!
Missing character: There is no s in font nullfont!
Missing character: There is no e in font nullfont!
Missing character: There is no e in font nullfont!
Missing character: There is no x in font nullfont!
Missing character: There is no p in font nullfont!
Missing character: There is no o in font nullfont!
Missing character: There is no n in font nullfont!
Missing character: There is no e in font nullfont!
Missing character: There is no n in font nullfont!
Missing character: There is no l in font nullfont!
Missing character: There is no a in font nullfont!
Missing character: There is no s in font nullfont!
Missing character: There is no c in font nullfont!
Missing character: There is no o in font nullfont!
Missing character: There is no n in font nullfont!
Missing character: There is no c in font nullfont!
Missing character: There is no l in font nullfont!
Missing character: There is no u in font nullfont!
Missing character: There is no s in font nullfont!
Missing character: There is no i in font nullfont!
Missing character: There is no o in font nullfont!
Missing character: There is no n in font nullfont!
Missing character: There is no e in font nullfont!
Missing character: There is no s in font nullfont!
Missing character: There is no d in font nullfont!
Missing character: There is no e in font nullfont!
Missing character: There is no l in font nullfont!
Missing character: There is no t in font nullfont!
Missing character: There is no r in font nullfont!
Missing character: There is no a in font nullfont!
Missing character: There is no b in font nullfont!
Missing character: There is no a in font nullfont!
Missing character: There is no j in font nullfont!
Missing character: There is no o in font nullfont!
Missing character: There is no y in font nullfont!
Missing character: There is no s in font nullfont!
Missing character: There is no e in font nullfont!
Missing character: There is no p in font nullfont!
Missing character: There is no r in font nullfont!
Missing character: There is no e in font nullfont!
Missing character: There is no s in font nullfont!
Missing character: There is no e in font nullfont!
Missing character: There is no n in font nullfont!
Missing character: There is no t in font nullfont!
Missing character: There is no a in font nullfont!
Missing character: There is no n in font nullfont!
Missing character: There is no , in font nullfont!
Missing character: There is no a in font nullfont!
Missing character: There is no m in font nullfont!
Missing character: There is no o in font nullfont!
Missing character: There is no d in font nullfont!
Missing character: There is no o in font nullfont!
Missing character: There is no d in font nullfont!
Missing character: There is no e in font nullfont!
Missing character: There is no r in font nullfont!
Missing character: There is no e in font nullfont!
Missing character: There is no c in font nullfont!
Missing character: There is no o in font nullfont!
Missing character: There is no m in font nullfont!
Missing character: There is no e in font nullfont!
Missing character: There is no n in font nullfont!
Missing character: There is no d in font nullfont!
Missing character: There is no a in font nullfont!
Missing character: There is no c in font nullfont!
Missing character: There is no i in font nullfont!
Missing character: There is no o in font nullfont!
Missing character: There is no n in font nullfont!
Missing character: There is no e in font nullfont!
Missing character: There is no s in font nullfont!
Missing character: There is no , in font nullfont!
Missing character: There is no l in font nullfont!
Missing character: There is no a in font nullfont!
Missing character: There is no s in font nullfont!
Missing character: There is no l in font nullfont!
Missing character: There is no √ in font nullfont!
Missing character: There is no ≠ in font nullfont!
Missing character: There is no n in font nullfont!
Missing character: There is no e in font nullfont!
Missing character: There is no a in font nullfont!
Missing character: There is no s in font nullfont!
Missing character: There is no f in font nullfont!
Missing character: There is no u in font nullfont!
Missing character: There is no t in font nullfont!
Missing character: There is no u in font nullfont!
Missing character: There is no r in font nullfont!
Missing character: There is no a in font nullfont!
Missing character: There is no s in font nullfont!
Missing character: There is no q in font nullfont!
Missing character: There is no u in font nullfont!
Missing character: There is no e in font nullfont!
Missing character: There is no d in font nullfont!
Missing character: There is no a in font nullfont!
Missing character: There is no n in font nullfont!
Missing character: There is no c in font nullfont!
Missing character: There is no o in font nullfont!
Missing character: There is no n in font nullfont!
Missing character: There is no t in font nullfont!
Missing character: There is no i in font nullfont!
Missing character: There is no n in font nullfont!
Missing character: There is no u in font nullfont!
Missing character: There is no i in font nullfont!
Missing character: There is no d in font nullfont!
Missing character: There is no a in font nullfont!
Missing character: There is no d in font nullfont!
Missing character: There is no a in font nullfont!
Missing character: There is no l in font nullfont!
Missing character: There is no a in font nullfont!
Missing character: There is no p in font nullfont!
Missing character: There is no r in font nullfont!
Missing character: There is no e in font nullfont!
Missing character: There is no s in font nullfont!
Missing character: There is no e in font nullfont!
Missing character: There is no n in font nullfont!
Missing character: There is no t in font nullfont!
Missing character: There is no e in font nullfont!
Missing character: There is no i in font nullfont!
Missing character: There is no n in font nullfont!
Missing character: There is no v in font nullfont!
Missing character: There is no e in font nullfont!
Missing character: There is no s in font nullfont!
Missing character: There is no t in font nullfont!
Missing character: There is no i in font nullfont!
Missing character: There is no g in font nullfont!
Missing character: There is no a in font nullfont!
Missing character: There is no c in font nullfont!
Missing character: There is no i in font nullfont!
Missing character: There is no o in font nullfont!
Missing character: There is no n in font nullfont!
Missing character: There is no . in font nullfont!
)
! Emergency stop.
<*> Introduction.tex
                    
*** (job aborted, no legal \end found)

 
Here is how much of TeX's memory you used:
 24 strings out of 494045
 446 string characters out of 3145970
 50890 words of memory out of 3000000
 3413 multiletter control sequences out of 15000+200000
 4294 words of font info for 16 fonts, out of 3000000 for 9000
 715 hyphenation exceptions out of 8191
 17i,2n,21p,726b,111s stack positions out of 5000i,500n,10000p,200000b,50000s
!  ==> Fatal error occurred, no output PDF file produced!
